,Day_perc_JA,Day_perc_ID,Day_perc_F,Day_perc_J,Day_perc_RC
0,0.0,0.0,0.0,0.0,0.0
1,1.2606635071090055,0.8634222919937207,1.2911084043848886,3.269381362568513,0.31250000000000444
2,-0.9828699803426044,-1.4007782101167265,-0.962000962000964,-2.1421800947867164,-0.4672897196261738
3,-1.172244280582324,-2.920284135753748,-4.3953375424963586,-7.21619527314995,-2.8169014084507005
4,-0.4400229577195436,-0.5691056910569148,3.4036068072136327,-1.9626265789748354,-1.6103059581320411
5,-8.599154496541118,-1.5535568274734235,-4.298698108572829,1.3204131615376369,-2.454991816693941
6,-0.5886681383370007,-3.2392026578073163,0.8983572895277181,2.0704151339989485,-6.040268456375841
7,-1.7024426350851218,-2.3175965665236054,-1.1193080641058395,-0.7619439868204347,-7.500000000000007
8,0.8928571428571397,1.2302284710017597,4.2191921790584175,-0.7989209379539286,0.19305019305020377
9,3.081351956498568,2.864583333333326,0.09874105159219937,0.6484677335006683,-0.770712909441229
10,-1.8204385601985895,-1.518987341772149,-3.27990135635019,3.1487062246700726,-20.38834951456311
11,-3.150021070375064,1.371036846615259,1.0453850076491689,-0.18134193028410683,-2.4390243902439046
12,3.970412270205581,-0.16906170752324368,-1.514004542013625,-1.1909568025837647,-0.5000000000000115
13,1.3810420590081751,0.16934801016088574,1.639764283884193,-0.7354443309499525,4.271356783919611
14,0.07223942208463008,0.4226542688081203,-2.722460297453999,0.6071208067503608,-0.48192771084337727
15,2.536867072290394,-0.6734006734006703,1.0106245141228376,2.055845351334762,0.7263922518159882
16,0.010057326762558105,-0.5084745762711784,-1.975371985633656,-1.743836440168367,-3.125000000000011
17,2.3934030571198806,0.0,1.5702695629416397,-0.6017951856385095,-3.9702233250620167
18,2.1017481830681417,-1.7887563884156799,-0.5668642102551025,-0.8517188301693124,-3.100775193798455
19,1.5679107348980592,0.0,0.3109613889608731,-0.5588904988615306,-1.866666666666672
20,1.2974713514537273,-2.1682567215958404,-1.0849909584086936,-1.3738551207327143,-0.27173913043476716
21,-0.8414360508601337,0.17730496453900457,-1.044659179942542,-0.35880118193329924,-1.6348773841961872
22,0.4808598906279604,0.0,-1.2932172077065096,2.1605592035585763,1.3850415512465464
23,0.27212161020924164,0.1769911504424737,5.695187165775395,-0.8500933029234936,4.098360655737698
24,1.1884708965000934,0.7950530035335523,-3.6175056918795856,3.920953575909669,0.0
25,0.8045870711181013,0.0,-0.20997375328084544,-0.3420867290471863,0.2624671916010568
26,0.7981651376146814,1.5775635407537347,4.366123093108887,-2.1908127208480566,-0.2617801047120505
27,2.967142987166649,-0.9490940465918918,-1.7641129032258118,2.1573080099091646,3.4120734908136496
28,0.49500574560241706,0.5226480836237002,1.5392508978963493,-1.202384560978087,2.0304568527918843
29,-1.7415779751957183,-2.5996533795493937,-12.834765032844874,0.14317856412355834,5.472636815920384
30,-1.1189687583922692,-2.2241992882562234,-4.202898550724643,0.7557189542483744,2.358490566037741
31,3.0870903494477853,1.182893539581431,1.0590015128593144,-1.8852625177376847,-3.9170506912442282
32,0.008781944322455715,-0.8093525179856176,1.1976047904191711,-0.21694214876033513,5.515587529976007
33,-0.9395855286266297,0.18132366273799772,-2.721893491124261,0.40376850605652326,-2.2727272727272707
34,3.3419023136246784,-1.900452488687776,-1.4598540145985384,-1.1136316766343524,1.6279069767441978
35,-0.9264024704065843,1.291512915129145,0.7716049382715973,-0.7090719499478593,-4.118993135011451
36,0.7878787878787818,10.10928961748634,-4.471669218989282,-0.3150598613736566,4.057279236276856
37,1.7008848037110447,0.3308519437551727,3.3344020519397333,-0.010535187526339307,2.9816513761467878
38,-0.21116648365571145,-1.154163231657046,0.7446478436239357,-0.9061215888736762,1.5590200445434466
39,2.5816827492805228,-5.754795663052548,-2.1558361564521067,0.12759170653908747,6.798245614035081
40,-0.14027560029705732,-0.8849557522123908,2.3292414227258584,-1.338005734310288,-0.6160164271047264
41,0.7602049248058185,2.321428571428563,-0.9535527529990873,1.2485200731891188,0.4132231404958775
42,0.8282762014105272,-1.3961605584642212,1.1801242236024967,-0.1381949611991118,-1.440329218107006
43,0.3741358275721751,-0.6194690265486802,0.7366482504604033,-1.756440281030447,1.4613778705636848
44,-0.9156470302244535,-0.08904719501334757,-0.7007921998781308,1.441109545996322,0.2057613168724215
45,-0.9895322211318169,2.1390374331550666,-8.929119361767402,-0.4486220892971682,-2.6694045174538106
46,0.7185925497646073,3.664921465968596,1.3477088948786964,1.0193133047210257,4.430379746835444
47,-2.919468591110397,-0.5050505050504972,0.19946808510638014,-1.0621348911311723,-1.21212121212122
48,0.8869741510390217,-1.3536379018612599,4.180491041804912,-0.032206119162636604,-0.8179959100204415
49,0.2344469563761109,1.1149228130360234,4.171974522293009,0.18256013745703292,2.0618556701030855
50,-1.862835185030487,-0.5089058524173073,2.1400183430143604,0.23582377532427312,3.232323232323231
51,-0.42560435818862485,-0.5115089514066473,0.9577970667464797,-1.7645171639396828,0.5870841487279899
52,-1.940502650025644,-1.285347043701801,-1.423065520308331,0.0,0.0
53,3.9578066428384684,3.385416666666652,-1.5639097744360897,-3.4835619420857777,2.9182879377431803
54,0.07547169811321641,-1.3434089000839533,-2.7803238619004023,3.237085495150005,-0.7561436672967825
55,-0.20110608345903502,-0.08510638297871687,-2.2313010685103607,-0.5899705014749235,-1.7142857142857126
56,-0.6968933669185495,-0.8517887563884163,-0.06428801028609543,0.04396087482141375,-3.100775193798455
57,-0.5411346918068882,-2.1477663230240585,-1.3830813766484207,-0.2197077886411103,-7.599999999999996
58,3.613023888463829,1.0535557506584636,6.523157208088715,-1.0128812066497739,0.8658008658008587
59,4.020347883163766,1.7376194613379692,1.867728107777089,-0.7674341007674279,2.5751072961373245
60,-0.5836882789083342,-2.818104184457726,-1.3225127742711118,-1.300156915489803,-4.184100418410042
61,-2.61821643922564,-0.8787346221441172,-2.65001522997258,-2.4642289348171698,-3.056768558951961
62,-8.701319863125324,-3.1028368794326244,-0.7509386733416834,-2.759343346140408,-4.504504504504503
63,-0.5354274495805833,-1.9213174748398898,-4.25598991172762,0.16762452107279557,-2.1226415094339535
64,1.3278306118787109,2.0522388059701413,0.06585446163978048,0.6932823332536309,16.14457831325302
65,3.9578537276429904,3.7477148080438782,-1.2833168805528095,-0.6291547958214516,-3.112033195020747
66,0.7069244527723617,-0.528634361233471,0.7000000000000117,0.023892008123271857,-0.6423982869379063
67,-1.852165087956703,-1.0628875110717528,0.2648129758358042,-0.4299534217126366,4.094827586206895
68,-3.5157259801809504,-2.7752909579230156,-4.159788709144918,-0.8516252848746575,-3.105590062111796
69,-0.5537197463606369,-0.8287292817679481,-0.998966586290051,-0.20566174691507566,-2.1367521367521403
70,3.1701841041760215,1.8570102135561761,-1.496172581767552,1.0667959752697298,0.6550218340611424
71,-0.026114206128124984,-0.45578851412944044,7.806428823737188,-1.2354563991843648,-0.6507592190889477
72,0.06094906399651823,0.73260073260073,-0.5570117955439047,0.32790867136265334,1.5283842794759916
73,-5.02958579881656,-1.7272727272727328,-1.878088962108726,0.24210144050356153,-3.010752688172036
74,2.7121128825361884,1.0175763182238784,-3.3579583613163155,0.7003985025962889,0.6651884700665134
75,3.211418376449604,-0.27472527472527375,7.29673384294649,2.0625974337450614,2.643171806167399
76,-0.025929127052715106,6.336088154269959,-5.408031088082899,3.4308541886969746,0.6437768240343367
77,-1.4783435635860709,0.8635578583765069,2.088325915782252,-2.3287515619675125,-2.771855010660973
78,1.2021762021761973,1.3698630136986356,-0.8383635144198487,0.4419632472668189,-0.877192982456132
79,0.6849908956906292,1.7736486486486402,2.9421711193777345,-0.798981009726718,-0.22123893805310324
80,-0.3100241129865733,-0.08298755186721962,0.0,-1.3190148243259148,-0.8869179600886845
81,-1.546302695231505,-2.0764119601328956,0.7884362680683488,-0.05914360066240354,-0.8948545861297674
82,0.5264543300868674,0.0,0.5215123859191539,-0.8521718546573465,-0.22573363431149795
83,1.597276774024614,-0.42408821034775057,-0.12970168612190802,2.208427838128202,2.488687782805421
84,-1.2113402061855627,0.08517887563883608,-0.48701298701299134,-0.8175659892548426,-3.9735099337748325
85,0.3217671101834796,4.510638297872327,-1.566068515497554,0.4474799811587271,-0.9195402298850519
86,-1.8723994452149673,1.140065146579805,0.5634736493205228,1.0199296600234442,-5.104408352668221
87,-1.3162544169611379,0.32206119162641045,-1.1535926170072486,-1.3693860972496252,-1.2224938875305624
88,-0.4923462536925993,-0.32102728731941976,0.6002000666889051,-1.3531003647487938,-0.4950495049504844
89,-1.4123785534364663,0.6441223832528209,1.7898574743122397,-0.3816793893129722,-1.7412935323383172
90,-1.8249840313897203,-1.5199999999999991,0.0,-0.4669540229885194,6.075949367088596
91,-5.353657403104394,-2.4370430544272903,-0.976880494952781,-2.646457355948517,-5.2505966587112045
92,-2.2979475596582533,-0.33305578684429404,-1.3153567905294317,-3.6080563449894854,0.25188916876572875
93,-3.196301135792534,0.6683375104427736,-2.1992669110296625,-0.7306755544161048,-0.7537688442211032
94,-2.4815699304329697,-3.1535269709543567,0.40885860306643096,-0.15495867768594573,-3.544303797468351
95,1.9591141396933631,1.6281062553556103,-1.6627078384798044,-0.40093119503362695,4.461942257217832
96,0.6370091896407803,-0.5059021922428242,0.41407867494822614,0.7531489416958692,-3.5175879396984855
97,-2.6045449828784872,0.0,-1.0309278350515427,-0.45108905786828135,-10.93749999999999
98,0.9801832516513898,0.4237288135593209,1.1111111111111072,0.5955463490419532,0.5847953216374213
99,3.2074277273686613,-0.25316455696202667,0.3777472527472625,1.4285714285714235,-0.5813953488371992
100,-0.03066857493355668,1.0152284263959421,2.6342798494697117,0.16495368608044902,0.5847953216374213
101,0.7158196134574135,8.040201005025116,4.566666666666652,0.6840638459589599,-2.034883720930225
102,-0.06091989034420209,-0.6201550387596955,-2.900860694931451,-2.7176648213386945,-0.8902077151335397
103,-2.3468454739408617,-0.31201248049921304,0.5581089954038054,-2.4314536989136104,-2.39520958083832
104,1.175613816063259,4.147104851330208,-2.350636630754155,2.1341463414634276,-0.30674846625767804
105,-0.8123393316195382,-0.5259203606310936,0.26746907388832675,-0.10382868267357903,4.923076923076919
106,-0.8189923284262934,-1.132930513595165,1.2337445815271852,1.8968429258152453,0.0
107,0.7212292254625163,-0.7639419404125269,-0.6258234519104233,0.1657529006757752,0.0
108,0.04151100041511757,-2.5404157043879994,-0.861783228372548,-0.5855397148676222,-1.4662756598240456
109,-1.1618257261410858,0.4739336492891155,-1.4042126379137598,3.2394366197183055,-2.3809523809523947
110,-1.6897565071368525,0.2358490566037652,-0.9833841980332214,1.0790028525362816,7.92682926829269
111,9.384007686559181,-0.15686274509804088,-0.7876712328767188,2.1104294478527574,-4.23728813559322
112,1.444466133125144,-0.39277297721916904,0.8974801518812692,3.1122326363854924,-2.9498525073746285
113,1.827977679430437,4.574132492113558,-0.3763256927813985,2.6686866332595205,-3.951367781155002
114,-0.9259259259259411,-4.675716440422317,0.13736263736265908,0.022701475595909848,0.6329113924050667
115,8.55426282662599,-2.2151898734177333,0.137174211248281,0.0907852927825692,-0.9433962264150941
116,2.547658789422824,1.860841423948223,-1.3698630136986356,-1.7687074829932037,8.571428571428585
117,1.1736485907650085,2.7005559968228843,-0.0694444444444442,0.5424746075715747,-0.5847953216374324
118,-0.12701100762065876,-1.3147718484145532,-0.48644892286311414,-0.1377568591436118,1.764705882352935
119,5.587113183552361,-1.1755485893416906,0.13966480446927498,0.8391769168869967,-2.3121387283237094
120,0.0883250361329635,-1.1895321173671647,-0.4881450488145145,0.7637938896488672,-6.213017751479288
121,-3.658243080625745,0.32102728731941976,0.3503854239663706,-1.1087227061884808,-1.8927444794952564
122,3.8720959280539535,-2.8000000000000025,-2.0949720670391025,-0.16016474087632293,0.3215434083601254
123,6.621773288439958,-2.304526748971192,-1.5691868758915706,4.022000687521476,-3.8461538461538436
124,2.932330827067675,2.1061499578769904,0.6521739130434856,-2.7979731218329973,-6.333333333333324
125,3.4331628926223434,3.052805280528048,-3.2037437005039693,-0.2606527651858537,-13.523131672597867
126,-1.9774011299435013,0.24019215372297342,-1.673484566753436,-0.30678332007726405,-4.526748971193417
127,-0.4466858789625383,-1.6773162939297204,-1.323751891074132,-1.2878960565306574,-12.93103448275862
128,-0.9190910406715935,-2.0308692120227456,7.665772326561893,0.9236808682600239,15.841584158415834
129,0.8764882039295818,0.6633499170812795,-6.977572089711625,-2.2194256950005653,3.418803418803429
130,4.271957135616544,0.6589785831960349,-0.5357826253348796,-4.492804492804503,-0.4132231404958553
131,-7.853621276300249,0.9819967266775809,0.7695267410542606,-2.2908244517946708,12.03319502074689
132,0.934438583270536,-1.053484602917354,-1.4891179839633395,-1.32898696088265,3.3333333333333215
133,-1.0900403165596595,-0.6552006552006495,-3.023255813953496,-0.050825921219821435,-2.508960573476704
134,-1.26811594202898,0.2473206924979321,5.515587529976029,-0.36867531146707044,-0.367647058823517
135,-1.957186544342504,0.328947368421062,5.1136363636363535,4.338394793926237,-1.4760147601476148
136,2.5265127885215177,3.934426229508192,3.063063063063054,-0.17121193591782546,-3.745318352059923
137,1.726498326741721,-1.340694006309151,-1.293706293706287,0.34301114786230436,-3.11284046692607
138,1.6373831775700953,-0.9592326139088669,-1.8065887353878929,0.01220852154804053,1.2048192771084265
139,-3.6413123436810357,0.6456820016142117,4.5093795093795075,0.09765625,-1.9841269841269882
140,-1.702420032063534,-2.3255813953488413,-0.8629616845012067,0.06097560975608651,-6.882591093117407
141,5.296675986331167,-2.052545155993435,3.3077994428969415,0.3290676416819016,-1.30434782608696
142,0.7080690367310849,0.08382229673093988,1.1122345803842304,0.12147716229349292,-5.286343612334798
143,2.065328841365144,-1.340033500837523,-3.500000000000003,-0.20626061635525827,3.7209302325581506
144,-4.441733639494827,0.7640067911714787,0.932642487046631,0.9848024316109427,4.484304932735417
145,4.618157242622223,0.7582139848357095,0.5133470225872738,-0.3130267276667542,-0.42918454935623185
146,-2.713178294573637,-0.08361204013377366,-5.549880830779708,-0.5917874396135225,0.4310344827586299
147,-0.014755791648224381,-1.673640167364021,-7.714491708723859,4.32511238002673,-3.0042918454935563
148,-0.30991735537190257,-1.6170212765957537,1.953125,2.5620123442412934,5.309734513274322
149,4.07846039970392,-0.865051903114189,3.563218390804601,-0.39741115022141615,-0.42016806722690037
150,-1.3654789844249948,1.1343804537521818,0.36995930447649705,-1.3451892384860997,-0.42194092827003704
151,3.8863652750738886,0.6039689387402847,-1.4743826022852957,1.9181881211000729,8.05084745762712
152,2.387562465297055,0.34305317324185847,1.7957351290684764,4.01360544217686,35.68627450980393
153,0.6982104121475041,0.0,3.491363469312758,-1.4715500327011077,3.7572254335260125
154,2.1743520700100882,2.8205128205128105,1.2428977272727293,-1.703728288527484,-9.192200557103059
155,8.354196863881924,1.3300083125519668,-0.0701508242721971,-1.0354530106921778,31.90184049079754
156,-1.8119907576310323,-0.8203445447087732,5.545805545805549,-1.0349141362447245,33.488372093023244
157,1.1766162992321139,2.3159636062861866,5.154639175257736,-0.7354631119283028,7.66550522648084
158,1.8423307626392438,1.5359741309620034,2.4351676154332758,1.852280620514013,16.990291262135916
159,1.1779554059739183,0.15923566878981443,-0.9262117937635095,0.05683109797680608,-2.2130013831258566
160,-1.2295812295812336,0.15898251192369983,-1.900903708320334,0.14767692831989532,-8.345120226308357
161,4.714938657685841,-2.2222222222222254,-1.6836086404066086,0.24954627949183017,-5.709876543209869
162,-0.6202618883528577,0.16233766233766378,5.49273021001615,1.357773251866945,9.001636661211121
163,0.618354137771604,0.0,0.4900459418070602,-0.06697923643669279,2.1021021021021102
164,-0.5169145942220399,4.457050243111826,-0.4571776897287383,0.6702412868632601,-0.2941176470588225
165,-3.285029732694411,3.413498836307216,0.12247397428046813,-1.4758100310696909,-3.539823008849541
166,0.7043935052531092,-2.175543885971498,1.2844036697247763,0.5743890077711589,1.5290519877675823
167,-0.5690574985180774,-1.917177914110424,-1.9021739130434812,0.6494960806270988,-1.2048192771084487
168,-1.3652080600930039,2.501954652071925,-8.341028008618023,-0.7565643079661677,-4.57317073170731
169,-0.7555152614082794,0.15255530129674177,-2.8542646071188726,-1.692825112107621,0.7987220447284393
170,-3.7332521315468936,-2.5894897182025978,1.1061182163843775,2.2465503478161786,-1.1093502377179099
171,3.9159865882204103,-6.333072713057087,-4.068376068376056,-0.13383894713362432,3.685897435897445
172,-3.658833556556673,3.005008347245419,2.6728439059158893,-0.9716327898146027,-9.273570324574965
173,0.24644549763033208,-4.538087520259326,0.03471017007983246,-2.1878876733957497,0.34071550255536653
174,-1.2355017650025335,-1.5280135823429464,0.936849410131857,-0.6802721088435382,-2.716468590831922
175,1.5700791422006644,0.9482758620689591,1.20316259883122,-0.580450429533319,2.0942408376963373
176,-2.6831720497675016,-0.5977796754910281,2.2418478260869623,-0.9458197104156962,-1.7094017094017144
177,-1.1041518693097552,-0.2577319587628968,2.225913621262454,-0.7308735117293352,-1.3913043478260834
178,-2.161138678506136,-2.49784668389319,2.2424439389015394,-1.9593872461702855,-4.056437389770728
179,1.755088421755091,-2.031802120141335,-6.230133502860779,0.08478682170540708,10.477941176470583
180,-1.1476915005246613,2.4346257889990897,-0.40677966101694274,-0.3388599782161439,-1.9966722129783787
181,2.056657599681544,-0.7922535211267512,-5.343771272974807,0.36429872495447047,-2.8862478777589073
182,-10.862640577260606,-1.2422360248447228,-4.638619201726013,-1.9479733817301947,-8.74125874125874
183,0.7584597432905404,-5.750224618149136,-4.63800904977375,1.0241855873642791,0.5747126436781658
184,2.7721482339316816,1.5252621544327827,-6.326611308817709,-1.88103090265056,-6.476190476190469
185,5.2186773716458745,-2.9107981220657275,-3.588011819333048,1.1328270882609237,2.443991853360483
186,3.955823293172678,0.9671179883945946,8.36252189141855,3.2127031019202335,5.566600397614319
187,1.9509368360054236,3.0651340996168397,1.8585858585858483,-0.9898628503279605,1.6949152542372836
188,4.004041935076419,-1.0223048327137496,17.88972629908767,2.095880510720316,0.37037037037037646
189,-2.4471702696137965,0.9389671361502261,-6.460296096904439,0.4129306276545508,9.225092250922518
190,-5.857454092748204,-0.8372093023255922,2.4820143884892065,-0.65797203618847,-5.574324324324332
191,-2.148902406770692,-2.4390243902438935,0.6669006669006716,-0.47309284447072386,1.4311270125223707
192,3.074532062977231,-0.48076923076922906,-4.114365411436549,-1.1408199643493822,0.3527336860670083
193,-1.4356889996066657,1.352657004830915,6.472727272727274,0.7573025604038941,-2.108963093145866
194,-0.7781842367808434,0.09532888465204614,4.918032786885229,0.2505368647100825,0.538599640933568
195,-1.6087947446038364,0.0,1.236979166666674,0.107104605498054,-2.321428571428563
196,1.5737838942635252,-1.7142857142857126,-5.916398713826354,1.2363290537327654,0.9140767824497242
197,2.7902609162250958,2.7131782945736482,9.330143540669834,1.726162517613905,7.789855072463769
198,-3.073409461663945,0.7547169811320753,-0.03125976867770497,0.6348839893801195,-5.882352941176472
199,0.4577891477043128,-1.7790262172284521,-2.6891807379612276,-2.534985088322994,1.2499999999999956
200,-0.44229995979092607,0.9532888465205058,2.6992287917738,1.5887960456631767,-1.5873015873015928
201,-0.39041464728055697,-0.6610009442870712,0.7822277847309156,-0.810936051899902,-0.5376344086021501
202,-2.635491282605762,-2.5665399239543807,1.3970816516609696,-0.4321420228918571,-5.045045045045038
203,-1.7212659633536909,-2.2439024390243922,-1.1941212492345477,-1.5366568914956025,-4.36432637571158
204,-2.0268361581920913,-2.6946107784431184,-8.552835450883167,-1.3342863950440709,-0.3968253968253843
205,-0.7640741007712726,0.0,0.40664181633345287,1.1953634387829037,-9.561752988047811
206,0.09442870632672129,0.6153846153846176,-1.8562267971650392,0.8471542775325247,1.3215859030837107
207,1.4949201741654594,2.2426095820591296,2.6822558459422385,0.6625650733554034,1.521739130434785
208,2.1021021021021102,2.2931206380857327,2.17682518419291,-0.34085566525622335,1.9271948608136968
209,1.1064425770308084,-0.29239766081871066,4.097017371353662,3.7504422691355233,-0.8403361344537785
210,-2.5072724754121145,0.19550342130987275,0.9130982367758111,-3.546663635330227,-0.6355932203389925
211,-4.326513213981231,-0.19512195121951237,-2.714508580343211,-1.0371243370654093,-1.9189765458422103
212,-0.6088958194104155,-2.7370478983382185,-1.5394483643361156,0.011909015124444977,0.43478260869564966
213,-0.13447889428463977,0.4020100502512669,2.0521172638436447,3.679447487497045,9.523809523809511
214,-3.957507294082452,-0.10010010010010895,-0.44685604851580907,2.147697255082104,-5.928853754940711
215,-3.4039570026483945,2.204408817635284,-0.8656620711766538,1.6752867101416768,-4.621848739495804
216,-0.5886622046609058,-3.3333333333333437,-7.179818887451484,1.2938184230896876,3.083700440528636
217,3.455548345230386,-0.5070993914807254,2.8919860627177663,1.1462882096069826,1.7094017094017255
218,-4.539752234593076,1.2232415902140747,-3.6572976633931664,-0.3993524015110661,-8.613445378151264
219,-1.2320328542094416,-1.8126888217522619,-13.286467486818987,-3.868660598179452,3.4482758620689724
220,1.9459459459459483,2.9743589743589816,3.8913660316173493,-0.2592717844662418,0.4444444444444473
221,-1.468308997471246,3.2868525896414313,1.404603979711272,-1.5596745027124714,-1.3274336283185861
222,3.535060849408045,-2.121504339440694,-1.1158137745286512,-0.7921928817451129,4.484304932735417
223,-0.6796737565968325,3.25123152709359,7.276264591439685,1.724337460942027,4.506437768240357
224,1.4652604460188456,0.5725190839694694,0.6891548784911272,-1.1490329920364029,-2.2587268993839893
225,-1.7535507418868446,0.0948766603415585,2.1613832853025983,0.7250546668201352,-2.310924369747902
226,-0.21805847197544637,-0.37914691943128354,3.3850493653032387,-0.9940585009140857,-1.7204301075268713
227,1.2626467017401888,0.38058991436726863,0.8526603001364208,-0.49624927870743907,-2.6258205689277947
228,-0.19183118855405912,-0.5687203791469142,4.091985120054109,-1.2526096033403045,0.22471910112360494
229,-1.641707375670698,-0.09532888465205724,-1.202079272254708,-0.9748649283532917,-5.605381165919288
230,4.836345872007808,0.1908396946564972,-2.1703387043735645,-0.22535879492349142,0.23752969121140222
231,-4.04628766697731,-0.09523809523809268,-2.857142857142858,0.4398478364241454,-0.4739336492891044
232,0.6636989073249833,1.4299332697807365,0.24221453287196493,0.8285004142501995,-0.952380952380949
233,0.6191203666479073,1.0338345864661536,2.485329651363477,-1.4438314356145066,-1.9230769230769384
234,-1.198657503595968,0.27906976744185297,0.8083529808016188,-0.2739399714149715,-2.2058823529411686
235,1.245551601423478,-0.7421150278293154,0.5345806882726345,0.15526095784068605,-10.025062656641603
236,-1.6775842786387551,-0.747663551401867,0.9637753406447347,-2.42070116861437,-1.6713091922005652
237,0.7637309067273446,-1.2241054613935987,0.4937458854509469,-2.1263595258462664,-4.815864022662875
238,0.4837929366231286,5.624404194470922,-1.637733377006223,-0.6242976651267274,-5.059523809523814
239,3.233830845771135,2.8880866425992746,2.4975024975024906,2.701344389998739,-4.075235109717856
240,-7.827438787407703,2.9824561403508865,-0.974658869395717,1.1132860288720403,4.90196078431373
241,-12.28706358576489,-2.1294718909710353,4.265091863517068,-1.2341197822141603,-6.230529595015577
242,-1.49985578309777,-1.218450826805928,-0.6607929515418554,-0.07350238882762872,1.9933554817275656
243,-0.4197169350902863,-0.4405286343612369,0.06335128286347746,1.4098320460953717,1.3029315960912058
244,0.12742599490296325,-0.9734513274336276,-1.2662234884457058,-1.100096711798837,-2.5723472668810365
245,-2.2222222222222254,0.44682752457552155,-1.9557550496954068,-1.93130424153527,-0.660066006600657
246,-3.0937124549459294,-2.0462633451957424,-1.5696533682145186,-1.782375669948888,-7.308970099667789
247,-0.8678582498191978,-2.7247956403269713,1.5946843853820614,-0.8502538071066046,-1.7921146953404965
248,-3.1995831162063615,2.147525676937456,-3.0412034009156375,-1.2799180852425485,-1.4598540145985384
249,-5.641688199827732,-1.8281535648994485,0.3709949409780755,-0.4797095812264951,-8.148148148148149
250,1.5974440894568787,-1.6759776536312998,3.0913978494623517,0.2605523710265789,-15.322580645161288
251,-1.3252470799640537,-1.609848484848475,-1.2385919165580184,-1.9230769230769273,56.19047619047617
252,-5.076257682676988,-0.38498556304139564,-0.06600660066006236,0.5166931637520022,-6.7073170731707155
253,-3.968824940047966,-0.7729468599033784,-4.557463672391016,0.6985633320152784,-12.745098039215696
254,4.882007741291061,-3.018500486854925,2.69896193771626,0.9554973821989554,7.490636704119846
255,0.2619047619047743,2.4096385542168752,-2.1563342318059453,-0.5575003241280907,-1.0452961672473893
256,-6.981714557112328,-1.9607843137254943,-0.20661157024792765,-0.6649282920469402,-0.35211267605632646
257,3.3954557058973656,-0.8000000000000007,-1.345755693581796,-1.9293870586691075,1.0600706713780994
258,7.851851851851865,3.2258064516129004,1.469045120671586,-0.8029978586723718,6.9930069930070005
259,-3.6744505494505475,2.34375,1.3788348845225729,-0.2968159740960652,4.24836601307188
260,1.0814022578728544,-1.4312977099236623,-2.108126487589268,-0.5142083897158312,9.717868338557988
261,-2.9273454032447632,-1.0648596321393922,1.1462313303230331,-1.863438520130578,6.571428571428561
262,-3.318396512050392,-0.8806262230919848,1.0645604395604469,-0.9286209286209379,-11.796246648793563
263,0.9144431917825546,-2.566633761105619,-0.917431192660545,-3.637381085618352,-4.255319148936165
264,-1.8619662363455802,-3.039513677811545,-1.1316872427983626,-4.079558652729376,-8.253968253968258
265,1.7961042246395165,-3.3437826541274807,0.5896635449184728,2.194642046314521,10.726643598615926
266,2.3981113320079572,4.432432432432432,-0.2758620689655267,0.4443127962085347,-1.5625
267,-2.9972090765683856,2.4844720496894457,0.7952973720608547,-2.4918902978472546,0.6349206349206327
268,0.12509382036527406,1.0101010101010166,0.3087478559176571,0.8770603357024065,-1.2618296529968376
269,-2.3738130934532697,1.29999999999999,-1.6757865937072403,-0.46469794633489103,2.8753993610223683
270,0.409521371896604,0.19743336623889718,-2.6434782608695695,0.8734939759036164,-0.6211180124223725
271,-0.9431557481519248,-0.19704433497537144,-1.0718113612004254,-0.10450880859956824,-0.6249999999999978
272,-0.19300051466804025,0.29615004935834577,-1.2278801011195273,-0.44836347332237736,-2.8301886792452935
273,0.8250612350135356,-1.3779527559054983,1.5722120658135275,0.13511484762047665,-1.941747572815522
274,-0.6904487917146152,-1.0978043912175717,-1.0079193664506825,-4.2728635682158895,-3.63036303630363
275,-1.8282477146903675,-1.917255297679099,-0.8727272727272695,0.8144087705560077,4.794520547945202
276,-1.7704918032786843,0.9259259259259078,-0.5502567865003694,0.528196364766198,-2.614379084967322
277,3.471295060080104,-0.20387359836899765,-0.5533013648100327,-0.6954102920723182,-1.34228187919464
278,-2.4387096774193484,-1.1235955056179914,3.264094955489605,-0.6380329909741689,-0.340136054421758
279,-0.714191244544371,-0.20661157024793875,-1.1494252873563204,-0.5794831636648512,-1.7064846416382284
280,-5.541494605035302,-0.7246376811594124,-2.1802325581395388,-3.087586641461859,-7.291666666666674
281,-6.275560569736283,-4.171011470281538,0.8543833580980653,-2.161898569570886,-0.3745318352059823
282,4.39362022269032,1.196953210010876,-0.5893186003683271,3.056986210333945,3.383458646616533
283,-1.1963101758431738,-0.6451612903225712,-0.07410151908113782,0.5481218765113871,-3.6363636363636376
284,-0.14587892049598983,-0.8658008658008809,-0.8898776418242438,0.7696007696007534,0.7547169811320753
285,-0.525931336742147,1.310043668122285,6.32248410026186,1.1774065234685827,2.2471910112359605
286,-1.7623733294169441,-1.724137931034475,1.618578465869125,-0.18870891649629407,-1.098901098901106
287,3.154432650620431,-3.1798245614035103,-3.4626038781163437,4.805419883409479,0.37037037037037646
288,0.2608695652173809,1.2457531143827971,-0.6456241032998578,4.058929645219478,1.1070110701106861
289,0.8094825093957869,2.237136465324374,1.6606498194945862,0.8812481941635308,1.8248175182481674
290,-2.8964726125609297,1.969365426695835,-0.3906250000000111,-0.4439352713733191,-2.150537634408589
291,1.786769049025394,-2.0386266094420624,-1.6399286987522355,0.11507479861909697,-1.098901098901106
292,-3.6848977223269963,0.766703176341732,3.080826386371882,-0.057471264367814356,-3.703703703703709
293,-7.862629914143682,-2.0652173913043526,3.9381153305204197,-4.787234042553202,-7.307692307692304
294,3.0897498773908794,-4.328523862375134,-1.691474966170503,0.4227691378529519,8.298755186721984
295,-2.426260704091354,5.8004640371229765,-2.099105299380599,-3.728762592091428,0.3831417624520883
296,0.6988460913375683,-2.741228070175439,-0.2108963093145899,1.0620021864750973,-2.2900763358778553
297,-2.162685603615233,0.9019165727170098,-3.3110250088059123,0.0,1.1718749999999778
298,4.008578027053766,-1.229050279329602,-1.2386156648451663,-0.8808530366249512,1.9305019305019266
299,0.5551149881046769,-0.5656108597285048,-1.9918849133161332,4.006859993763645,3.0303030303030276
300,-2.7602523659306044,3.526734926052333,0.037636432066245895,-2.023684605006748,1.8382352941176405
301,-0.24330900243308973,-0.3296703296703285,1.0910458991723049,1.8053855569155397,-0.3610108303249038
302,1.7723577235772225,-0.11025358324145973,3.9821362113881653,1.2924556657649466,1.4492753623188248
303,1.7255152580284427,5.518763796909498,-2.219040801717964,-0.3560830860534048,-1.0714285714285787
304,-2.9370190042406263,1.3598326359832713,0.36603221083455484,0.8784991066110637,3.9711191335740192
305,0.6634304207119746,-3.5087719298245723,1.8599562363238675,-0.044280442804423004,2.083333333333326
306,6.461983603922183,-0.7486631016042855,4.5112781954887105,-1.7277023036030736,0.6802721088435382
307,-6.900196285671134,0.8620689655172376,-2.0554984583761593,-0.6912096168294579,5.743243243243246
308,-0.3405773597145667,0.3205128205128416,2.098635886673672,-2.7689514298683493,4.792332268370592
309,-0.8624898291293648,6.709265175718837,1.3018156903048972,-0.2645502645502673,1.5243902439024293
310,-3.4143138542350737,-2.095808383233544,-0.8454514710855565,0.28085504758934565,10.510510510510507
311,2.5662814411964607,-0.4077471967380175,-2.7967257844474736,2.08495409989109,8.96739130434785
312,-8.500414250207122,1.1258955987717423,-1.1929824561403457,-2.4386526444139633,-2.9925187032418976
313,3.8029699384281024,1.0121457489878471,0.07102272727272929,-0.7030151538822027,5.655526992287929
314,-1.0990928122819432,-1.002004008016033,2.9453513129879427,2.1711768407803644,0.48661800486617945
315,5.926971247133528,1.0121457489878471,0.6894174422612975,-0.8469356328918987,-10.169491525423723
316,0.21648626144878946,0.0,1.643272851763089,2.0034166796086383,3.5040431266846195
317,0.16616816218013586,4.4088176352705455,1.1451667228022933,2.3142509135201106,-0.7812499999999889
318,-2.952886529528853,0.7677543186180413,0.03330003330002107,0.3273809523809623,-1.3123359580052507
319,-3.555555555555545,0.5714285714285561,-0.46604527296936205,-1.053099970335214,0.26595744680850686
320,-2.2155264090747973,-1.9886363636363535,-0.6020066889632192,-0.0749512816669129,1.3262599469495928
321,2.320101504440819,-0.5797101449275255,0.5383580080753791,-1.365136513651366,-2.0942408376963484
322,4.676705048715668,-0.38872691933916625,0.0669344042838027,-0.060836501901140316,-1.8716577540106805
323,-1.404636994415287,0.0,0.234113712374584,0.8826662608431013,1.089918256130784
324,-1.4933058702368718,2.9268292682926855,-0.6006006006006093,-2.745512143611395,0.26954177897573484
325,-1.5333681826102064,0.18957345971564177,-0.20140986908356862,2.4042190165968647,-1.8817204301075363
326,1.0440629976995242,-0.37842951750236553,-1.379078372014808,-0.06058770069676811,-0.2739726027397249
327,-4.8686514886164485,-0.8547008547008517,1.7394270122783162,-0.9699909063352496,-4.395604395604402
328,-1.8777614138438925,-4.214559386973182,-1.843781428092528,-0.3213957759412356,0.287356321839094
329,2.8893058161350904,-0.20000000000000018,-0.37568306010929975,1.5046829418086993,-1.1461318051575908
330,0.601750547045965,0.10020040080160886,-0.034281796366120165,-0.06050521857510205,0.28985507246377384
331,1.0512959941997302,1.2012012012011963,0.37722908093278384,-1.5286817012259757,-2.0231213872832443
332,-3.210762331838557,-1.285855588526208,-0.7174581482746745,0.21518598217029616,-4.71976401179941
333,-1.8161601186063914,-1.4028056112224352,-1.1355815554026205,-3.036809815950914,-0.6191950464396134
334,0.6040015100037932,0.9146341463414531,0.17403411068568353,0.015817779183779912,1.869158878504673
335,-0.46904315196998336,2.5176233635448186,0.6601806810284883,-0.9805472086034994,4.892966360856255
336,-4.297832233741761,-1.8664047151276897,0.0,-0.8784539210988651,-5.539358600583089
337,-4.21508765018711,-1.8018018018018167,-2.105626510182934,0.09668063164680607,-8.024691358024683
338,-5.634382068681887,-2.1406727828746086,0.14104372355430161,2.5595621377977995,-11.74496644295302
339,-6.864240575288738,-7.2916666666666625,-3.3450704225352124,-4.850102024799874,-6.8441064638783295
340,-9.943846513804399,-3.3707865168539297,-0.5100182149362364,0.8248102936324608,-6.122448979591832
341,-0.20784619381656322,-2.674418604651163,-0.14646649578909932,0.17997382198950973,12.173913043478258
342,-4.504035407445983,1.3142174432496878,-3.1536486982031375,0.7839294463498403,-4.263565891472876
343,-1.7993456924754736,-5.188679245283012,1.8174933737220567,-1.377410468319562,-3.6437246963562653
344,-4.858411993337031,-1.1194029850746356,0.37188545927853145,-1.9553072625698276,0.42016806722688926
345,3.4140647796906842,2.515723270440251,0.2964060763245735,0.016758840288244592,-1.2552301255229992
346,11.230248306997748,-0.24539877300613355,0.6649427410417408,-0.3016085790884637,0.4237288135593209
347,-7.458143074581425,-1.7220172201721895,-1.3577981651376136,-6.554621848739495,-3.3755274261603407
348,-0.7949561403508887,-3.7546933667083837,0.22321428571427937,-1.4208633093525158,-3.4934497816593746
349,-2.873722022658187,-3.3810143042912966,-1.3734224201930156,2.4083196496989423,0.0
350,7.567567567567579,-1.2113055181695698,-0.07527286413248069,1.567789061108149,3.6199095022624306
351,1.137265273737098,6.811989100817439,-0.6779661016949157,-4.946500613927385,-3.056768558951961
352,4.994769874477001,-4.846938775510223,0.07584376185059138,-0.22144307067722968,4.954954954954971
353,0.49813200498132204,3.887399463806984,1.6294050776809454,-0.998705381912357,0.0
354,8.550185873605942,0.1290322580645098,3.4675615212528044,3.3439192975901477,1.2875536480686733
355,-1.118721461187211,1.2886597938144284,-1.117117117117128,0.3796095444685399,-3.8135593220339103
356,6.072500577233875,-4.19847328244275,-3.0976676384839696,-1.1705384476859315,-1.7621145374449254
357,-7.879843273835441,-1.195219123505964,-1.241068070703255,-2.8972303206997063,-2.2421524663677084
358,0.5434782608695787,-0.6720430107526876,-0.03808073115004751,-0.9194970913867451,-0.4587155963302836
359,3.7132784958871845,-2.706359945872805,-2.9333333333333322,1.3825757575757436,1.382488479262678
360,3.8522547020167774,0.6954102920723182,4.356357927786481,-0.4296656080702288,-5.909090909090908
361,-5.258564259218856,-2.4861878453038777,-2.3317036479879594,-0.262664165103188,-3.3816425120772875
362,-1.3357899585444533,0.14164305949009304,-0.46207162110126765,1.166290443942808,9.000000000000007
363,10.177404295051362,1.6973125884017115,0.8510638297872353,-0.7251766455931508,6.8807339449541205
364,-5.974576271186438,0.2781641168289051,2.9152282316839306,0.09365049634764144,6.008583690987113
365,1.2167643082469537,2.0804438280166426,4.621692135669009,-0.07485029940119681,14.170040485829949
366,2.025823686553885,-0.13586956521738358,0.2850017812611405,0.6367041198501733,0.0
367,9.622518001309178,3.401360544217691,-1.5985790408525768,-1.3025679196129514,0.0
368,1.9108280254777066,0.5263157894736858,1.7328519855595692,0.0,-2.127659574468077
369,1.0937500000000044,-1.4397905759162444,0.2838892831795725,4.166666666666674,0.36231884057971175
370,-0.5216383307573458,0.26560424966799445,0.2476999292285953,-0.7058823529411673,2.5270758122743597
371,-5.904059040590404,3.7086092715231667,-0.917755030003542,-2.0051039008385008,-2.464788732394363
372,5.118679050567598,-2.171136653895278,-0.5343783398646273,-0.48363095238095344,-2.166064981949456
373,1.2762615354407814,-1.0443864229764954,1.5042979942693435,0.14953271028037562,1.1070110701106861
374,24.42807289647151,1.58311345646438,-0.8468595624558817,0.8398656215005573,-2.1897810218978075
375,7.977563103770646,1.0389610389610393,2.313167259786475,0.1850823616509345,1.1194029850746245
376,-6.8686868686868685,0.6426735218509005,1.9130434782608674,-0.4249030112691621,4.0590405904058935
377,-3.827083978927781,0.0,1.5017064846416295,-1.0946196660482355,-3.900709219858145
378,2.6905107137103146,-2.4265644955300036,-0.8069939475453869,1.875820671543793,1.4760147601476037
379,-3.2318795105114595,1.5706806282722363,-0.6440677966101593,-0.5339716442644082,-3.2727272727272716
380,-2.0265888456549974,3.2216494845360932,-0.10235414534288667,0.314698259903734,0.0
381,-2.8297203375806546,1.1235955056179803,0.4781420765027189,-0.8857722827089742,0.0
382,5.040871934604896,1.85185185185186,-0.6458191706322114,-1.6011915844349356,-1.5037593984962516
383,0.9079118028534339,0.24242424242424399,-0.06842285323297448,2.100283822138138,-2.6717557251908386
384,-1.7673521850899765,-2.055622732769047,1.0270455323519334,1.6308376575240757,11.764705882352944
385,0.11449133137062528,1.1111111111111072,0.10166045408335211,0.12764405543399526,16.491228070175445
386,-0.9312203888253601,-0.12210012210013277,0.06770480704132442,0.36423238025860005,3.0120481927710774
387,-5.474934036939305,0.3667481662591676,0.43978349120430416,-1.5060787515877472,-4.970760233918137
388,-3.1053733426378294,-5.4811205846528654,-0.4041764904008094,-1.0132645541635954,0.3076923076923199
389,-0.5221462009362576,-2.448453608247414,-0.3043625295907959,0.9305788200260512,-3.3742331288343586
390,-6.733031674208156,-0.13210039630120463,-0.2035278154681186,-2.157477411027098,-6.349206349206349
391,-2.445177566466128,-1.9841269841269882,2.0054384772263845,3.6185450433471322,4.406779661016946
392,2.8247463696041253,0.5398110661268607,0.5331556147950556,1.673335758457628,1.6233766233766156
393,-2.5149932288643817,4.026845637583887,1.3258203513423883,-1.949910554561718,-1.5974440894568676
394,3.1553879738043245,3.483870967741942,-0.8177952240758901,2.1893814997263172,2.2727272727272707
395,-3.8283955367448996,-1.122194513715713,-6.695250659630614,-0.3927870023210267,-0.6349206349206327
396,-1.6603320664132726,0.7566204287515976,-3.1106398020501747,0.28678974726654705,0.6389776357827559
397,0.1423921887713675,3.003754693366689,-0.6566946369938043,1.7694369973190405,-9.523809523809524
398,2.437538086532598,1.8226002430133725,0.7344840249724482,0.7376185458377371,0.7017543859649145
399,0.19829466587348854,5.011933174224348,-1.1666059059423972,-0.8542538354253781,-1.0452961672473893
400,-0.23748268355432423,-2.500000000000002,-0.44264109184803946,-1.4946368911552654,-0.35211267605632646
401,6.645506843880189,0.6993006993007089,0.0,1.3923598714744578,1.0600706713780994
402,0.6510416666666741,0.578703703703698,0.18525379770284456,1.2676056338028152,1.3986013986013957
403,2.2361855479578585,-1.3808975834292303,-0.7766272189348999,0.19123783031986807,1.379310344827589
404,0.3073029645697556,1.2835472578763163,2.42266120014909,1.6831511365608343,-2.0408163265306034
405,1.2074247612182454,0.4608294930875667,2.2561863173216734,6.279863481228665,-0.3472222222222321
406,-6.1431623931623935,-0.34403669724770714,-0.2135231316726105,0.9312780989081615,-3.484320557491294
407,-6.203756402959604,-2.9919447640966768,0.21398002853068032,0.0636334712058595,-2.527075812274371
408,-0.8090614886731351,0.3558718861209842,0.1779359430605032,-0.2702702702702786,3.703703703703698
409,0.4078303425774976,2.7186761229314627,-0.3197158081705065,0.14347202295554862,-0.7142857142857117
410,-0.34524776604386576,2.3014959723820505,-0.28510334996436626,-0.3183699458771061,0.7194244604316502
411,-0.4687181577338495,-1.1248593925759276,-0.3573981415296634,-2.9862663685723434,-1.4285714285714235
412,-0.5733005733005614,-1.7064846416382284,-0.14347202295553751,-2.6172839506172774,0.36231884057971175
413,4.468698517298186,-0.578703703703709,0.5387931034482651,-2.6369168356997985,-1.0830324909747335
414,16.08515671200472,-2.211874272409786,-0.03572704537333493,3.385416666666674,-2.1897810218978075
415,-0.25471217524197787,1.7857142857142794,-0.42887776983558945,3.627204030226694,0.3731343283581934
416,-8.17160367722165,0.4678362573099504,-0.7537688442211143,-0.6968076486793207,2.602230483271395
417,5.784204671857629,1.8626309662397977,-0.25316455696202667,-1.51762402088772,-1.8115942028985477
418,-1.437083771468639,-0.34285714285714475,-0.978970268310364,-0.4971002485501197,-1.4760147601476148
419,-1.7780938833570459,-1.0321100917431214,-0.7689491028927242,-1.9983347210657754,-1.8726591760299671
420,-1.3939174511223618,-2.549246813441486,-0.03690036900370064,0.6457094307561473,1.9083969465648831
421,-2.515145951900133,0.832342449464929,0.29531192321889943,-0.050650008441655014,-2.9962546816479474
422,0.13182674199623268,0.2358490566037874,-0.25763709974235827,-0.7432432432432412,-0.7722007722007707
423,-4.814745157043454,-0.11764705882352233,0.6273062730627332,-0.6296800544588255,-3.11284046692607
424,-3.2602252519264963,-3.88692579505302,-0.6967363403006854,2.0893988696694787,-2.409638554216864
425,-0.6944444444444531,-2.083333333333315,0.33234859675035366,-0.46971984566348546,-0.4115226337448652
426,-0.2673796791443861,-2.127659574468088,-0.25763709974235827,1.0281476487443264,-4.545454545454541
427,-1.8148071767374652,-1.0230179028132946,-0.14760147601474705,-0.5505505505505437,1.7316017316017174
428,7.183364839319473,2.3255813953488413,-0.07390983000741258,0.4026170105686955,-1.276595744680853
429,-4.605134234763863,-2.5252525252525304,0.0,0.6015037593984918,-34.91379310344828
430,-2.958093672966322,-4.404145077720212,-0.25887573964497035,1.3286829430327218,-26.490066225165563
431,0.27519051651143656,-0.40650406504064707,0.03707823507601571,0.6228487133256744,-0.9009009009009028
432,-0.10555203715432171,0.5442176870748439,0.03706449221645425,0.5375468317315724,-5.454545454545457
433,-4.501267962806432,3.382949932341006,-0.2964060763245513,-2.3655217109526894,2.8846153846153744
434,-5.244523124585088,-1.7015706806282838,0.371609067261236,1.078659143710592,0.0
435,3.292853806632423,-0.5326231691078487,-0.29618659755646926,-1.2641602364143911,5.6074766355140415
436,1.401763508930598,-4.417670682730924,0.25993316004455647,0.41569670768206723,2.65486725663715
437,0.7357859531772704,-1.4005602240896309,-0.37037037037036535,1.622785229342627,-4.31034482758621
438,2.9437804338202866,0.7102272727272707,0.07434944237918462,0.8310249307479145,-0.9009009009009028
439,-0.10750376263168882,-0.7052186177715081,0.2600297176820199,-2.3432449903038166,10.909090909090914
440,-0.15066724063711456,-0.28409090909091717,0.0,3.0117491312262157,-1.6393442622950727
441,0.5389092476826951,-0.14245014245015675,0.07410151908116003,-0.4979919678714917,-4.1666666666666625
442,0.7075471698113178,1.711840228245376,1.3698630136986356,0.9525347110106441,10.434782608695636
443,0.6812859271875693,1.2622720897615736,-0.9495982468955555,0.12793858947706127,2.3622047244094446
444,-3.1296257136815275,2.908587257617712,0.0,0.6708193579300303,-7.692307692307687
445,-2.3357345557738607,0.6729475100942128,0.2949852507374784,0.20625099159130578,6.666666666666665
446,0.26821636119804815,-0.9358288770053513,-0.7352941176470562,2.6282457251425084,1.5625
447,-0.3566651805617549,0.809716599190291,-0.48148148148148273,1.1570502931194104,0.0
448,4.720357941834452,-2.1419009370816755,0.29772981019724476,-0.24401403080677175,1.538461538461533
449,2.1576586199529846,9.849521203830381,0.0,2.2626509707995623,0.7575757575757791
450,0.6273525721455453,3.486924034869232,-0.37105751391465214,2.3172372551951037,-9.022556390977455
451,0.685785536159611,-1.6847172081829065,-0.18621973929237035,0.29222676797193703,-2.4793388429751984
452,0.41279669762641635,-2.0807833537331732,0.8208955223880654,-0.8741258741258751,-0.8474576271186529
453,1.706063720452211,-1.9999999999999907,-0.11102886750555818,0.9994121105232345,-8.54700854700855
454,-1.0105092966855245,5.484693877551017,0.3705075954057113,3.623399301513386,-4.672897196261683
455,-1.653736218864843,1.6928657799274438,4.688076781100059,1.011093947479269,-3.9215686274509665
456,-1.266348349595181,-1.6646848989298357,-1.6220028208744797,-2.446823300430967,-5.102040816326525
457,-1.11438183347351,1.45102781136639,-2.43727598566309,0.9690751033204936,-5.376344086021501
458,0.6804167552626028,5.601907032181153,1.2490815576782,-2.0183486238532056,-9.090909090909093
459,-3.167898627243926,-1.6930022573363401,-0.6531204644412258,-0.7778738115816863,10.000000000000009
460,-4.667393675027254,2.870264064293915,-0.18261504747991708,-0.6387921022067311,9.090909090909083
461,3.4317089910775644,-0.6696428571428492,-0.25612879619465456,2.3816481589713723,9.375
462,12.408759124087588,-1.7977528089887618,0.03668378576668907,-0.6422149279292189,-4.761904761904767
463,6.6115702479338845,-1.7162471395881007,0.3667033370003736,-1.9965527147371542,-5.000000000000004
464,2.1225544481358494,4.190919674039573,-0.4018998903909221,4.880551077238771,-4.210526315789476
465,-2.69293330923549,3.3519553072625774,0.8437270726338708,-2.361654555617665,-4.395604395604402
466,-0.14858841010400026,1.4054054054054133,-0.6184066933430321,-0.6297409474738891,-4.597701149425271
467,-1.0044642857142794,-0.7462686567164201,-0.6222547584187388,5.3003024629122875,-4.81927710843374
468,-0.4133784291619813,0.10741138560688146,0.6261510128913406,-1.7781425249623894,-3.797468354430389
469,-5.000000000000004,-0.965665236051505,0.3294289897511016,-2.743350508285758,-3.9473684210526327
470,3.396226415094339,-1.4084507042253502,-0.4742794600510858,1.302978235967922,-4.109589041095885
471,-1.6135228582404904,1.758241758241752,0.2932551319648091,0.9611307420494652,-4.285714285714281
472,3.1823506442795635,0.5399568034557323,-0.03654970760235132,-2.5479490410191707,-4.477611940298509
473,1.192052980132452,-0.537056928034374,-1.1700182815356452,0.8475793707800605,-4.687500000000011
474,-1.6080777860882356,1.1879049676025932,0.36995930447649705,1.1538461538461497,-4.91803278688524
475,-0.741163055872307,-0.32017075773745907,0.07371913011426923,1.3096746937051096,-3.4482758620689724
476,-0.11487650775414693,-1.6059957173447548,0.6629834254143763,2.1406727828746197,-3.5714285714285587
477,0.3258577726662715,1.9586507072905324,1.5367727771679496,1.4425694066412698,-3.703703703703709
478,-8.100878868933892,-0.32017075773745907,1.6936936936936986,0.6305339415079159,-3.8461538461538547
479,-31.455301455301456,-0.8565310492505529,0.03543586109142627,-0.4399413411545261,-4.0000000000000036
480,-6.157112526539277,-1.835853131749443,-0.5313496280552554,-1.419389394750925,-4.166666666666674
481,9.728506787330327,-4.73047304730474,-0.6054131054130996,-1.996740016299925,-4.347826086956507
482,0.8247422680412342,-3.23325635103926,-0.03582945180939934,-2.480942480942483,-4.545454545454552
483,-0.8179959100204526,1.193317422434359,-0.2508960573476715,5.073905628197828,-4.761904761904767
484,-1.354933726067753,2.004716981132071,-0.14372978799856995,0.1758420127147442,-5.000000000000004
485,-8.420424007166316,-3.8150289017340966,0.10795250089961073,0.40507696462328546,-2.631578947368407
486,-12.455167916530808,-3.4855769230769273,-0.39539899352982744,-1.4254975793437374,2.7027027027026973
487,0.9310986964618184,-2.6151930261519185,-0.5052327679538227,-0.3819918144611134,2.6315789473684292
488,-1.5498154981549828,-0.12787723785167016,-0.07254261878852919,-2.8896192823883893,2.564102564102577
489,-4.5727136431784166,-3.3290653008962834,-1.0163339382940118,3.779438725144546,5.000000000000004
490,3.1814611154752592,-1.7218543046357615,-0.8434176751008438,-4.280472890338361,4.761904761904767
491,12.219261515036163,1.3477088948786964,-1.1834319526627168,0.22714366837024436,4.545454545454519
492,2.9511533242876586,0.0,-0.44910179640718084,-3.0878186968838484,4.347826086956519
493,-8.336079077429993,1.3297872340425565,-0.8270676691729317,-0.5992399883075206,-4.166666666666674
494,0.0,-8.79265091863517,-1.6679302501895532,0.0,0.0
