,Unnamed: 0,Symbol,Series,Date,Prev Close,Open Price,High Price,Low Price,Last Price,Close Price,Average Price,Total Traded Quantity,Turnover,No. of Trades,Deliverable Qty,% Dly Qt to Traded Qty,Check,Month,Year,Day_Perc_Change,Trend,moving_21,std_dev,std_2,upper,lower
13,13,HEROMOTOCO,EQ,2017-06-01,3745.45,3742.0,3815.0,3708.8,3730.0,3733.35,3776.56,451621,1705571882.15,37325,279018,61.78,ok,6,2017,-0.3230586444886385,Slight or No change,3627.7678571428564,8.555992052350444,17.111984104700888,3636.323849195207,3619.211865090506
14,14,HEROMOTOCO,EQ,2017-06-02,3733.35,3758.8,3857.5,3750.0,3849.95,3849.75,3827.99,570351,2183296767.4,35344,275420,48.29,ok,6,2017,3.117843223914174,Among top gainers,3651.6464285714283,82.30722933011292,164.61445866022584,3733.953657901541,3569.3391992413153
15,15,HEROMOTOCO,EQ,2017-06-05,3849.75,3850.0,3880.55,3821.25,3830.55,3834.95,3847.29,181146,696921627.7,21548,70089,38.69,ok,6,2017,-0.384440548087539,Slight or No change,3667.0428571428565,10.46518036154993,20.93036072309986,3677.5080375044063,3656.5776767813068
17,17,HEROMOTOCO,EQ,2017-06-07,3799.95,3803.85,3856.05,3803.85,3841.0,3843.25,3844.22,426059,1637862448.85,44951,294488,69.12,ok,6,2017,1.139488677482614,Positive,3695.9857142857136,30.617723625374026,61.23544725074805,3726.6034379110874,3665.3679906603397
19,19,HEROMOTOCO,EQ,2017-06-09,3784.45,3796.3,3800.5,3755.6,3786.0,3780.1,3779.46,302560,1143513647.5,19861,198672,65.66,ok,6,2017,-0.11494404735166165,Slight or No change,3726.7321428571418,3.0759144981348068,6.1518289962696135,3729.8080573552766,3723.656228359007
20,20,HEROMOTOCO,EQ,2017-06-12,3780.1,3777.0,3790.0,3760.35,3771.05,3773.25,3779.97,182605,690242211.0,17760,117935,64.58,ok,6,2017,-0.18121213724504592,Slight or No change,3740.17857142857,4.843681451112991,9.687362902225981,3745.022252879683,3735.3348899774574
22,22,HEROMOTOCO,EQ,2017-06-14,3752.5,3764.0,3808.0,3751.05,3781.3,3789.05,3788.77,374661,1419506200.95,39825,260012,69.4,ok,6,2017,0.9740173217854808,Slight positive,3765.0428571428565,25.844752852365822,51.689505704731644,3790.887609995222,3739.198104290491
23,23,HEROMOTOCO,EQ,2017-06-15,3789.05,3786.0,3820.0,3760.0,3774.0,3777.7,3785.08,163019,617039697.15,14888,94856,58.19,ok,6,2017,-0.2995473799501269,Slight or No change,3776.4214285714274,8.025661966457001,16.051323932914002,3784.4470905378844,3768.3957666049705
24,24,HEROMOTOCO,EQ,2017-06-16,3777.7,3798.0,3798.0,3757.8,3780.0,3783.55,3780.53,229485,867574013.0,20613,161061,70.18,ok,6,2017,0.1548561293909012,Slight or No change,3784.832142857142,4.136574669922262,8.273149339844524,3788.968717527064,3780.69556818722
25,25,HEROMOTOCO,EQ,2017-06-19,3783.55,3790.0,3834.0,3790.0,3830.0,3825.45,3821.75,176591,674886161.8,22384,76227,43.17,ok,6,2017,1.1074255659367482,Positive,3790.9107142857133,29.627774131711924,59.25554826342385,3820.538488417425,3761.2829401540016
30,30,HEROMOTOCO,EQ,2017-06-27,3660.1,3676.0,3711.7,3636.6,3700.0,3695.2,3671.43,365879,1343297828.15,44560,262472,71.74,ok,6,2017,0.9589901915248112,Slight positive,3768.682142857142,24.819448019651293,49.63889603930259,3793.501590876793,3743.862694837491
31,31,HEROMOTOCO,EQ,2017-06-28,3695.2,3681.0,3723.6,3667.05,3688.4,3688.45,3698.43,496312,1835577487.45,40066,364249,73.39,ok,6,2017,-0.18266940896297654,Slight or No change,3757.624999999999,4.772970773024226,9.545941546048452,3762.397970773023,3752.852029226975
32,32,HEROMOTOCO,EQ,2017-06-29,3688.45,3700.0,3735.95,3682.0,3724.5,3716.35,3706.91,384888,1426746550.25,31569,198187,51.49,ok,6,2017,0.7564152963982274,Slight positive,3752.760714285713,19.72827919510728,39.45655839021456,3772.4889934808207,3733.0324350906058
33,33,HEROMOTOCO,EQ,2017-06-30,3716.35,3690.0,3714.75,3665.0,3685.4,3701.35,3687.49,205581,758078830.45,20124,119182,57.97,ok,6,2017,-0.4036218332503672,Slight or No change,3747.135714285713,10.60660171780197,21.21320343560394,3757.742316003515,3736.5291125679114
34,34,HEROMOTOCO,EQ,2017-07-03,3701.35,3688.0,3785.25,3671.4,3770.1,3776.1,3740.38,249649,933782078.1,17602,96380,38.61,ok,7,2017,2.0195334134842646,Positive,3747.339285714285,52.85623189369466,105.71246378738932,3800.1955176079796,3694.48305382059
36,36,HEROMOTOCO,EQ,2017-07-05,3703.35,3700.5,3717.7,3696.8,3701.0,3709.75,3708.94,142509,528557277.0,13756,63523,44.57,ok,7,2017,0.17281650397613646,Slight or No change,3738.1642857142842,4.525483399604859,9.050966799209718,3742.6897691138893,3733.638802314679
37,37,HEROMOTOCO,EQ,2017-07-06,3709.75,3716.05,3745.0,3708.0,3722.8,3725.35,3733.53,161483,602901500.0,17899,83270,51.57,ok,7,2017,0.42051351169216655,Slight or No change,3734.424999999999,11.030865786514092,22.061731573028183,3745.4558657865127,3723.394134213485
39,39,HEROMOTOCO,EQ,2017-07-10,3681.65,3699.55,3740.0,3687.0,3725.2,3731.0,3724.71,43195,160888828.4,3510,20054,46.43,ok,7,2017,1.3404315999619776,Positive,3720.3999999999987,34.89571965155758,69.79143930311515,3755.2957196515563,3685.504280348441
40,40,HEROMOTOCO,EQ,2017-07-11,3731.0,3735.0,3757.3,3735.0,3745.5,3748.3,3751.06,227102,851873451.55,26279,174117,76.67,ok,7,2017,0.4636826588046095,Slight or No change,3716.9214285714274,12.232947314532373,24.465894629064746,3729.15437588596,3704.688481256895
42,42,HEROMOTOCO,EQ,2017-07-13,3718.75,3732.2,3768.0,3731.1,3749.95,3750.95,3757.93,384727,1445775565.05,16231,304453,79.13,ok,7,2017,0.8658823529411608,Slight positive,3714.760714285713,22.768838354209233,45.537676708418466,3737.5295526399223,3691.991875931504
43,43,HEROMOTOCO,EQ,2017-07-14,3750.95,3765.0,3796.0,3738.0,3752.0,3758.05,3767.92,187230,705468246.2,14517,101149,54.02,ok,7,2017,0.1892853810368189,Slight or No change,3721.7571428571423,5.0204581464380045,10.040916292876009,3726.7776010035805,3716.736684710704
44,44,HEROMOTOCO,EQ,2017-07-17,3758.05,3758.05,3785.0,3738.05,3765.0,3764.35,3761.76,131553,494871344.15,8933,72510,55.12,ok,7,2017,0.1676401325155341,Slight or No change,3726.696428571428,4.454772721491026,8.909545442982052,3731.151201292919,3722.241655849937
45,45,HEROMOTOCO,EQ,2017-07-18,3764.35,3755.0,3799.0,3755.0,3780.0,3783.95,3781.79,224796,850131063.55,19334,160601,71.44,ok,7,2017,0.5206742199848513,Slight positive,3733.5178571428564,13.859292911262674,27.71858582252535,3747.3771500541193,3719.6585642315936
46,46,HEROMOTOCO,EQ,2017-07-19,3783.95,3787.0,3795.0,3757.7,3785.0,3770.65,3772.67,464119,1750968158.05,45055,400082,86.2,ok,7,2017,-0.3514845597853977,Slight or No change,3737.3964285714283,9.404520189790333,18.809040379580665,3746.8009487612185,3727.991908381638
49,49,HEROMOTOCO,EQ,2017-07-24,3682.0,3692.0,3725.3,3682.05,3688.25,3692.3,3702.54,236050,873984299.75,21284,172608,73.12,ok,7,2017,0.27973927213471583,Slight or No change,3731.925,7.283199846227095,14.56639969245419,3739.208199846227,3724.641800153773
50,50,HEROMOTOCO,EQ,2017-07-25,3692.3,3725.0,3750.0,3700.0,3700.0,3709.05,3723.7,433381,1613782206.2,36587,290027,66.92,ok,7,2017,0.4536467784307829,Slight or No change,3731.8750000000005,11.84403858487859,23.68807716975718,3743.719038584879,3720.030961415122
51,51,HEROMOTOCO,EQ,2017-07-26,3709.05,3715.0,3745.45,3687.0,3715.5,3717.45,3717.68,366612,1362946036.55,12903,238293,65.0,ok,7,2017,0.22647308610019845,Slight or No change,3731.3107142857148,5.939696961978407,11.879393923956814,3737.250411247693,3725.3710173237364
52,52,HEROMOTOCO,EQ,2017-07-27,3717.45,3727.7,3759.0,3682.0,3711.8,3703.55,3730.08,452512,1687905667.8,32051,307961,68.06,ok,7,2017,-0.3739122247777282,Slight or No change,3732.8750000000005,9.828784258499548,19.657568516999095,3742.7037842585,3723.046215741501
54,54,HEROMOTOCO,EQ,2017-07-31,3630.3,3629.9,3672.9,3605.0,3658.0,3655.75,3639.88,504658,1836894967.45,34281,401554,79.57,ok,7,2017,0.701043990854755,Slight positive,3719.071428571429,17.99586758119941,35.99173516239882,3737.0672961526284,3701.0755609902294
55,55,HEROMOTOCO,EQ,2017-08-01,3655.75,3675.0,3737.65,3668.05,3733.0,3727.85,3698.48,685598,2535667299.4,38264,490478,71.54,ok,8,2017,1.9722355193872556,Positive,3719.721428571429,50.98239892355221,101.96479784710442,3770.7038274949814,3668.7390296478766
56,56,HEROMOTOCO,EQ,2017-08-02,3727.85,3750.0,3838.8,3743.4,3798.0,3802.6,3805.23,828588,3152966310.8,49804,377671,45.58,ok,8,2017,2.005177246938583,Positive,3723.4107142857147,52.856231893698755,105.71246378739751,3776.2669461794135,3670.554482392016
57,57,HEROMOTOCO,EQ,2017-08-03,3802.6,3812.0,3845.0,3772.0,3838.95,3838.35,3822.22,424548,1622714923.9,28086,270104,63.62,ok,8,2017,0.9401462157471174,Slight positive,3729.1464285714287,25.27906742743011,50.55813485486022,3754.425495998859,3703.8673611439986
58,58,HEROMOTOCO,EQ,2017-08-04,3838.35,3836.0,3964.0,3816.4,3944.25,3956.55,3914.33,789172,3089081400.1,44565,462041,58.55,ok,8,2017,3.0794482003986268,Among top gainers,3742.8750000000005,83.58002153625365,167.1600430725073,3826.455021536254,3659.2949784637467
59,59,HEROMOTOCO,EQ,2017-08-07,3956.55,3950.0,4018.9,3927.85,3940.05,3952.7,3971.01,644961,2561148529.4,36236,411225,63.76,ok,8,2017,-0.09730699725771784,Slight or No change,3754.928571428572,2.722361107691672,5.444722215383344,3757.6509325362636,3752.2062103208805
62,62,HEROMOTOCO,EQ,2017-08-10,3883.75,3875.0,3945.0,3861.05,3899.0,3889.55,3909.14,303409,1186067074.35,25690,144371,47.58,ok,8,2017,0.14934019954941924,Slight or No change,3790.939285714286,4.101219330972322,8.202438661944644,3795.0405050452587,3786.8380663833136
64,64,HEROMOTOCO,EQ,2017-08-14,3840.9,3850.0,3975.0,3849.5,3950.0,3957.05,3933.9,263329,1035909278.7,23933,136548,51.85,ok,8,2017,3.0240308261084703,Among top gainers,3819.267857142858,82.13045263482218,164.26090526964435,3901.39830977768,3737.1374045080356
65,65,HEROMOTOCO,EQ,2017-08-16,3957.05,3965.1,4044.0,3933.3,4010.35,4022.1,4011.2,475186,1906068220.15,43242,262033,55.14,ok,8,2017,1.643901391187863,Positive,3841.028571428572,45.99729611619296,91.99459223238593,3887.025867544765,3795.031275312379
67,67,HEROMOTOCO,EQ,2017-08-18,3997.85,3983.0,4000.75,3968.5,3974.0,3986.7,3982.0,209351,833635417.65,25853,145509,69.5,ok,8,2017,-0.27889990870092474,Slight or No change,3887.5071428571428,7.88424061028028,15.76848122056056,3895.391383467423,3879.6229022468624
68,68,HEROMOTOCO,EQ,2017-08-21,3986.7,3988.0,4038.3,3950.05,3959.0,3972.05,3987.93,246195,981809145.15,26124,148027,60.13,ok,8,2017,-0.3674718438808955,Slight or No change,3910.1,10.359114344423427,20.718228688846853,3920.459114344423,3899.7408856555767
70,70,HEROMOTOCO,EQ,2017-08-23,3888.05,3927.0,3950.0,3865.6,3897.0,3888.9,3886.72,407757,1584837562.6,26257,300270,73.64,ok,8,2017,0.021861858772398438,Slight or No change,3927.7071428571435,0.6010407650450467,1.2020815300900933,3928.3081836221886,3927.1061020920984
71,71,HEROMOTOCO,EQ,2017-08-24,3888.9,3908.0,3925.0,3870.0,3888.0,3882.65,3893.77,222636,866893012.2,14022,145783,65.48,ok,8,2017,-0.1607138265319219,Slight or No change,3930.8714285714295,4.419417382558143,8.838834765116285,3935.2908459539876,3926.4520111888714
72,72,HEROMOTOCO,EQ,2017-08-28,3882.65,3885.0,3993.95,3838.45,3956.0,3959.2,3951.62,435266,1720007190.65,32321,292831,67.28,ok,8,2017,1.9715915676149052,Positive,3931.0607142857148,54.1290240998403,108.2580481996806,3985.189738385555,3876.9316901858747
73,73,HEROMOTOCO,EQ,2017-08-29,3959.2,3940.0,3980.0,3921.7,3950.0,3945.7,3948.91,397802,1570884043.75,18846,273038,68.64,ok,8,2017,-0.3409779753485553,Slight or No change,3930.5607142857148,9.545941546071436,19.091883092142872,3940.106655831786,3921.0147727396434
74,74,HEROMOTOCO,EQ,2017-08-30,3945.7,3950.0,4015.0,3949.85,3977.4,3988.1,3993.13,261951,1046003736.05,15350,141503,54.02,ok,8,2017,1.0745875256608528,Positive,3935.8964285714287,29.981327522325582,59.962655044651164,3965.877756093754,3905.915101049103
75,75,HEROMOTOCO,EQ,2017-08-31,3988.1,3989.0,4021.0,3968.0,3985.0,3995.1,3999.85,469468,1877802253.8,29406,308984,65.82,ok,8,2017,0.17552217848098015,Slight or No change,3943.85,4.949747468394214,9.899494936788429,3948.7997474683943,3938.9002525316055
76,76,HEROMOTOCO,EQ,2017-09-01,3995.1,4006.0,4091.95,3995.0,4036.05,4048.95,4046.97,388220,1571114355.85,25372,208683,53.75,ok,9,2017,1.3479011789442108,Positive,3955.235714285714,38.07770016690646,76.15540033381292,3993.3134144526207,3917.1580141188074
78,78,HEROMOTOCO,EQ,2017-09-05,3978.9,3994.0,4007.5,3960.0,3962.45,3970.45,3978.0,250627,996994461.4,17579,149408,59.61,ok,9,2017,-0.21237025308502575,Slight or No change,3966.0499999999993,5.9750523011076915,11.950104602215383,3972.025052301107,3960.0749476988917
79,79,HEROMOTOCO,EQ,2017-09-06,3970.45,3953.0,3994.9,3940.0,3947.7,3950.65,3965.11,218970,868240833.9,18732,135263,61.77,ok,9,2017,-0.4986840282587557,Slight or No change,3960.946428571428,14.000714267529466,28.00142853505893,3974.9471428389575,3946.9457143038985
80,80,HEROMOTOCO,EQ,2017-09-07,3950.65,3953.0,4012.5,3953.0,3980.0,3982.9,3992.95,256960,1026029688.5,28512,144893,56.39,ok,9,2017,0.8163213648386902,Slight positive,3959.878571428571,22.804193693287715,45.60838738657543,3982.6827651218587,3937.074377735283
82,82,HEROMOTOCO,EQ,2017-09-11,3956.05,3999.0,3999.95,3936.6,3950.0,3944.5,3956.29,217005,858535627.25,20246,157953,72.79,ok,9,2017,-0.2919578872865647,Slight or No change,3955.7214285714285,8.167083322765102,16.334166645530203,3963.8885118941935,3947.5543452486636
85,85,HEROMOTOCO,EQ,2017-09-14,3893.55,3905.0,3922.0,3884.45,3890.0,3891.25,3900.75,190185,741863585.75,14689,94795,49.84,ok,9,2017,-0.05907205506543445,Slight or No change,3958.871428571428,1.6263455970781855,3.252691194156371,3960.4977741685066,3957.2450829743498
86,86,HEROMOTOCO,EQ,2017-09-15,3891.25,3885.0,3910.0,3870.0,3888.0,3888.0,3887.9,389738,1515261646.8,26966,270902,69.51,ok,9,2017,-0.08352071956312379,Slight or No change,3953.785714285714,2.2980970391038116,4.596194078207623,3956.083811324818,3951.4876172466106
87,87,HEROMOTOCO,EQ,2017-09-18,3888.0,3895.0,3961.4,3895.0,3955.95,3949.9,3943.88,573380,2261344373.45,34953,301990,52.67,ok,9,2017,1.5920781893004057,Positive,3954.0857142857144,43.769909755459594,87.53981951091919,3997.855624041174,3910.315804530255
88,88,HEROMOTOCO,EQ,2017-09-19,3949.9,3970.0,3977.85,3936.8,3945.0,3944.25,3953.34,154125,609308954.7,13074,62636,40.64,ok,9,2017,-0.14304159598977906,Slight or No change,3950.9535714285716,3.995153313828497,7.990306627656994,3954.9487247424004,3946.958418114743
90,90,HEROMOTOCO,EQ,2017-09-21,3856.05,3856.1,3901.55,3811.7,3890.55,3896.4,3872.96,490206,1898548191.95,25976,279486,57.01,ok,9,2017,1.0464075932625327,Positive,3930.125000000001,28.531758620898124,57.06351724179625,3958.656758620899,3901.593241379103
93,93,HEROMOTOCO,EQ,2017-09-26,3755.95,3801.0,3805.35,3742.15,3775.25,3787.75,3778.47,548321,2071811984.1,52440,330736,60.32,ok,9,2017,0.8466566381341689,Slight positive,3889.7571428571437,22.48599564176004,44.97199128352008,3912.2431384989036,3867.2711472153837
95,95,HEROMOTOCO,EQ,2017-09-28,3727.4,3749.0,3779.0,3674.5,3711.8,3740.05,3726.5,789127,2940683469.3,60009,492846,62.45,ok,9,2017,0.3393786553629985,Slight or No change,3856.0785714285726,8.944900782086924,17.889801564173847,3865.0234722106593,3847.133670646486
96,96,HEROMOTOCO,EQ,2017-09-29,3740.05,3734.0,3819.35,3718.25,3782.1,3774.55,3784.05,547536,2071903833.35,44730,339361,61.98,ok,9,2017,0.9224475608614836,Slight positive,3843.939285714287,24.395183950962597,48.790367901925194,3868.33446966525,3819.5441017633243
97,97,HEROMOTOCO,EQ,2017-10-03,3774.55,3840.0,3845.0,3793.8,3806.25,3806.25,3811.64,294342,1121925305.45,26483,176376,59.92,ok,10,2017,0.8398352121444796,Slight positive,3835.8928571428582,22.41528496364048,44.83056992728096,3858.3081421064985,3813.477572179218
98,98,HEROMOTOCO,EQ,2017-10-04,3806.25,3870.0,3870.0,3774.6,3792.0,3794.9,3821.46,388211,1483533201.8,39312,211329,54.44,ok,10,2017,-0.2981937602627216,Slight or No change,3828.8464285714294,8.025661966540786,16.051323933081573,3836.87209053797,3820.820766604889
102,102,HEROMOTOCO,EQ,2017-10-10,3676.4,3690.0,3720.8,3661.2,3692.0,3695.25,3701.5,367529,1360407881.6,36099,215326,58.59,ok,10,2017,0.5127298444130179,Slight positive,3768.678571428572,13.328962825423,26.657925650846,3782.007534253995,3755.349608603149
103,103,HEROMOTOCO,EQ,2017-10-11,3695.25,3701.1,3744.8,3677.6,3681.0,3689.55,3707.22,298989,1108417574.9,32331,151030,50.51,ok,10,2017,-0.1542520803734515,Slight or No change,3756.7857142857147,4.030508652946431,8.061017305892863,3760.816222938661,3752.755205632768
104,104,HEROMOTOCO,EQ,2017-10-12,3689.55,3697.0,3760.65,3694.95,3750.0,3751.0,3730.97,343176,1280380040.05,36086,209389,61.02,ok,10,2017,1.6655147646732038,Positive,3746.4000000000005,43.45171170392846,86.90342340785692,3789.851711703929,3702.948288296072
105,105,HEROMOTOCO,EQ,2017-10-13,3751.0,3757.0,3790.0,3743.2,3765.0,3763.85,3769.09,213882,806140475.2,29166,103632,48.45,ok,10,2017,0.3425753132497933,Slight or No change,3744.4500000000003,9.086322138311608,18.172644276623217,3753.536322138312,3735.3636778616888
106,106,HEROMOTOCO,EQ,2017-10-16,3763.85,3797.7,3805.65,3766.8,3774.0,3776.65,3787.84,261710,991316678.05,35366,128779,49.21,ok,10,2017,0.34007731445195866,Slight or No change,3745.928571428572,9.050966799249181,18.101933598498363,3754.979538227821,3736.877604629323
107,107,HEROMOTOCO,EQ,2017-10-17,3776.65,3785.0,3828.5,3758.8,3800.0,3789.05,3803.83,447594,1702570697.6,28069,177371,39.63,ok,10,2017,0.3283333112679143,Slight or No change,3746.021428571429,8.76812408677288,17.53624817354576,3754.789552658202,3737.2533044846564
109,109,HEROMOTOCO,EQ,2017-10-19,3753.0,3750.0,3759.4,3720.0,3729.9,3735.6,3738.56,24217,90536760.9,2498,6959,28.74,ok,10,2017,-0.4636290967226286,Slight or No change,3747.5321428571433,12.303657992694895,24.60731598538979,3759.835800849838,3735.2284848644485
110,110,HEROMOTOCO,EQ,2017-10-23,3735.6,3792.95,3814.0,3770.0,3792.75,3791.25,3792.11,510178,1934650159.55,51180,297537,58.32,ok,10,2017,1.4897205268230131,Positive,3748.725,39.35049237304562,78.70098474609124,3788.0754923730456,3709.3745076269543
112,112,HEROMOTOCO,EQ,2017-10-25,3755.4,3784.9,3784.9,3717.0,3769.15,3769.65,3751.32,464158,1741205098.25,35511,260773,56.18,ok,10,2017,0.37945358683495467,Slight or No change,3743.289285714286,10.0762716319637,20.1525432639274,3753.3655573462497,3733.2130140823224
113,113,HEROMOTOCO,EQ,2017-10-26,3769.65,3765.7,3787.9,3730.25,3745.4,3750.85,3767.1,357840,1348018038.8,33832,183528,51.29,ok,10,2017,-0.4987200403220538,Slight or No change,3742.9607142857144,13.293607486349602,26.587214972699204,3756.254321772064,3729.667106799365
114,114,HEROMOTOCO,EQ,2017-10-27,3750.85,3764.0,3815.0,3750.6,3789.9,3786.65,3790.92,328558,1245536041.95,34321,188615,57.41,ok,10,2017,0.9544503245930924,Slight positive,3748.8678571428577,25.31442276649987,50.62884553299974,3774.1822799093575,3723.553434376358
115,115,HEROMOTOCO,EQ,2017-10-30,3786.65,3813.95,3841.5,3801.65,3833.0,3833.0,3829.85,244919,938004190.55,20682,170174,69.48,ok,10,2017,1.2240370776279708,Positive,3760.053571428572,32.77439930800919,65.54879861601837,3792.8279707365814,3727.2791721205626
116,116,HEROMOTOCO,EQ,2017-10-31,3833.0,3857.0,3870.05,3821.7,3853.75,3849.9,3851.31,307237,1183266037.0,32236,162910,53.02,ok,10,2017,0.4409079050352149,Slight or No change,3771.100000000001,11.950104602079332,23.900209204158664,3783.05010460208,3759.1498953979217
120,120,HEROMOTOCO,EQ,2017-11-06,3689.05,3675.5,3715.0,3661.85,3683.25,3688.85,3695.98,290004,1071848749.3,38481,186649,64.36,ok,11,2017,-0.005421449966802605,Slight or No change,3767.675,0.1414213624320009,0.2828427248640018,3767.8164213624323,3767.533578637568
121,121,HEROMOTOCO,EQ,2017-11-07,3688.85,3695.25,3729.1,3675.0,3678.05,3681.5,3696.46,303030,1120137512.85,29910,164011,54.12,ok,11,2017,-0.1992490884692999,Slight or No change,3759.9928571428572,5.1972348418916,10.3944696837832,3765.190091984749,3754.7956223009655
124,124,HEROMOTOCO,EQ,2017-11-10,3597.75,3605.0,3635.0,3560.75,3631.95,3605.1,3592.21,307029,1102911730.05,25062,176998,57.65,ok,11,2017,0.20429435063580306,Slight or No change,3727.5321428571433,5.197234841941665,10.39446968388333,3732.729377699085,3722.3349080152016
126,126,HEROMOTOCO,EQ,2017-11-14,3579.9,3579.9,3662.4,3579.9,3655.0,3655.2,3638.82,430968,1568214879.2,54148,244232,56.67,ok,11,2017,2.1034107097963606,Positive,3706.8214285714284,53.24514062336804,106.49028124673607,3760.0665691947966,3653.5762879480603
127,127,HEROMOTOCO,EQ,2017-11-15,3655.2,3650.5,3709.4,3640.0,3672.45,3671.8,3679.12,413595,1521667313.0,33362,254781,61.6,ok,11,2017,0.4541475158678088,Slight or No change,3701.175,11.737972567783343,23.475945135566686,3712.9129725677835,3689.437027432217
128,128,HEROMOTOCO,EQ,2017-11-16,3671.8,3672.0,3688.95,3625.25,3662.0,3657.0,3665.26,252451,925297477.5,29646,128716,50.99,ok,11,2017,-0.4030720627485218,Slight or No change,3691.914285714286,10.46518036165774,20.93036072331548,3702.3794660759436,3681.4491053526285
130,130,HEROMOTOCO,EQ,2017-11-20,3631.15,3632.4,3689.0,3618.0,3661.45,3658.6,3653.99,350045,1279060678.6,45497,248281,70.93,ok,11,2017,0.7559588560098085,Slight positive,3663.832142857143,19.410081143624364,38.82016228724873,3683.2422240007672,3644.422061713519
131,131,HEROMOTOCO,EQ,2017-11-21,3658.6,3665.1,3690.5,3664.9,3679.0,3678.75,3680.65,202939,746947330.4,20030,130539,64.32,ok,11,2017,0.5507571202099104,Slight positive,3653.789285714286,14.248201640979579,28.496403281959157,3668.0374873552655,3639.5410840733066
132,132,HEROMOTOCO,EQ,2017-11-22,3678.75,3685.1,3710.0,3645.2,3661.8,3661.3,3676.33,293485,1078947106.25,51637,212294,72.34,ok,11,2017,-0.4743459055385646,Slight or No change,3648.4642857142862,12.339013331786305,24.67802666357261,3660.8032990460724,3636.1252723825
133,133,HEROMOTOCO,EQ,2017-11-23,3661.3,3685.0,3698.35,3645.5,3680.0,3677.35,3680.22,219012,806012735.5,15146,127253,58.1,ok,11,2017,0.43836888536856733,Slight or No change,3647.628571428572,11.34906383813231,22.69812767626462,3658.977635266704,3636.2795075904396
135,135,HEROMOTOCO,EQ,2017-11-27,3653.25,3651.15,3670.0,3631.05,3662.9,3663.0,3646.75,172252,628159625.8,20362,79678,46.26,ok,11,2017,0.2668856497639149,Slight or No change,3643.764285714286,6.894291116719524,13.788582233439048,3650.6585768310056,3636.8699945975663
136,136,HEROMOTOCO,EQ,2017-11-28,3663.0,3680.0,3680.0,3655.1,3675.0,3673.6,3668.27,155386,569998518.05,22595,85673,55.14,ok,11,2017,0.28938028938028104,Slight or No change,3647.410714285714,7.495331880711312,14.990663761422624,3654.9060461664253,3639.915382405003
137,137,HEROMOTOCO,EQ,2017-11-29,3673.6,3683.0,3695.0,3649.0,3650.0,3656.3,3668.14,172201,631657134.65,18545,97563,56.66,ok,11,2017,-0.4709277003484225,Slight or No change,3651.592857142857,12.232947314610412,24.465894629220823,3663.8258044574677,3639.3599098282466
140,140,HEROMOTOCO,EQ,2017-12-04,3604.05,3635.0,3635.0,3593.8,3604.35,3601.4,3610.18,131129,473399348.6,18423,66720,50.88,ok,12,2017,-0.07352839167048543,Slight or No change,3651.5142857142864,1.8738329708291919,3.7476659416583837,3653.3881186851154,3649.6404527434574
142,142,HEROMOTOCO,EQ,2017-12-06,3520.55,3516.0,3518.1,3473.35,3511.9,3505.6,3497.37,291780,1020461875.55,33165,148376,50.85,ok,12,2017,-0.4246495575975451,Slight or No change,3629.896428571429,10.571246378893115,21.14249275778623,3640.4676749503224,3619.325182192536
143,143,HEROMOTOCO,EQ,2017-12-07,3505.6,3520.0,3568.0,3517.95,3551.15,3551.1,3547.71,301458,1069484071.95,48418,163774,54.33,ok,12,2017,1.2979233226837028,Positive,3624.178571428572,32.17335854403691,64.34671708807382,3656.351929972609,3592.005212884535
145,145,HEROMOTOCO,EQ,2017-12-11,3519.55,3544.0,3544.0,3500.3,3517.0,3514.85,3515.1,226419,795886143.65,24447,158087,69.82,ok,12,2017,-0.13353979912205105,Slight or No change,3602.5392857142865,3.323401872067566,6.646803744135132,3605.8626875863542,3599.215883842219
148,148,HEROMOTOCO,EQ,2017-12-14,3419.45,3452.0,3471.4,3416.2,3454.05,3460.55,3438.46,314655,1081929512.45,26753,213308,67.79,ok,12,2017,1.2019476816447217,Positive,3554.6678571428574,29.062088706834725,58.12417741366945,3583.7299458496923,3525.6057684360226
149,149,HEROMOTOCO,EQ,2017-12-15,3460.55,3470.0,3511.95,3465.1,3498.0,3503.0,3494.93,372029,1300214225.05,29493,247265,66.46,ok,12,2017,1.2266836196558328,Positive,3543.2392857142863,30.016682861425807,60.03336572285161,3573.2559685757124,3513.2226028528603
150,150,HEROMOTOCO,EQ,2017-12-18,3503.0,3487.0,3553.65,3430.65,3540.0,3535.35,3523.85,412556,1453786979.0,31310,248953,60.34,ok,12,2017,0.9234941478732496,Slight positive,3533.3642857142863,22.874904371451727,45.749808742903454,3556.239190085738,3510.489381342835
151,151,HEROMOTOCO,EQ,2017-12-19,3535.35,3560.0,3710.65,3540.0,3704.7,3701.0,3642.35,876214,3191476802.25,54833,541355,61.78,ok,12,2017,4.685533256961838,Among top gainers,3536.557142857143,117.13223830355975,234.2644766071195,3653.689381160703,3419.424904553583
152,152,HEROMOTOCO,EQ,2017-12-20,3701.0,3733.4,3793.9,3696.05,3747.3,3749.2,3764.07,664592,2501569163.85,44663,342726,51.57,ok,12,2017,1.3023507160226933,Positive,3544.8107142857143,34.08254685320139,68.16509370640279,3578.8932611389155,3510.728167432513
153,153,HEROMOTOCO,EQ,2017-12-21,3749.2,3784.5,3822.25,3771.35,3794.0,3805.95,3797.91,612505,2326240819.65,48075,394715,64.44,ok,12,2017,1.5136562466659509,Positive,3559.232142857142,40.12830983233728,80.25661966467456,3599.3604526894796,3519.1038330248048
154,154,HEROMOTOCO,EQ,2017-12-22,3805.95,3814.0,3829.0,3774.0,3790.85,3792.8,3800.32,438144,1665085888.9,34403,228358,52.12,ok,12,2017,-0.3455116331007924,Slight or No change,3572.903571428571,9.298454172588835,18.59690834517767,3582.2020256011597,3563.6051172559823
155,155,HEROMOTOCO,EQ,2017-12-26,3792.8,3792.8,3848.8,3747.2,3808.0,3813.8,3789.77,320480,1214546947.5,19644,130523,40.73,ok,12,2017,0.5536806580890064,Slight positive,3593.8499999999995,14.849242404906803,29.698484809813607,3608.6992424049063,3579.0007575950926
158,158,HEROMOTOCO,EQ,2017-12-29,3716.65,3730.0,3809.85,3720.05,3807.0,3785.15,3763.97,274559,1033432806.1,19756,143705,52.34,ok,12,2017,1.8430575921865036,Positive,3644.7214285714285,48.43681451128141,96.87362902256282,3693.1582430827098,3596.2846140601473
160,160,HEROMOTOCO,EQ,2018-01-02,3749.1,3781.0,3784.35,3719.25,3740.05,3743.85,3750.07,258156,968103397.95,18744,98531,38.17,ok,1,2018,-0.14003360806593698,Slight or No change,3683.035714285714,3.7123106012743308,7.4246212025486615,3686.7480248869883,3679.32340368444
161,161,HEROMOTOCO,EQ,2018-01-03,3743.85,3728.0,3764.4,3728.0,3755.2,3755.2,3751.69,274963,1031575872.35,24358,165309,60.12,ok,1,2018,0.30316385538951,Slight or No change,3707.0178571428573,8.025661966485712,16.051323932971425,3715.043519109343,3698.9921951763718
162,162,HEROMOTOCO,EQ,2018-01-04,3755.2,3755.0,3759.95,3721.55,3747.8,3738.9,3730.95,196775,734158040.25,35468,134969,68.59,ok,1,2018,-0.4340647635278971,Slight or No change,3726.9,11.52584053335495,23.0516810667099,3738.425840533355,3715.3741594666453
163,163,HEROMOTOCO,EQ,2018-01-05,3738.9,3758.7,3758.7,3726.2,3752.0,3744.65,3740.2,234199,875951800.55,22721,154494,65.97,ok,1,2018,0.15378854743373085,Slight or No change,3744.160714285714,4.065863991873253,8.131727983746506,3748.2265782775876,3740.094850293841
164,164,HEROMOTOCO,EQ,2018-01-08,3744.65,3773.0,3792.0,3745.3,3784.75,3786.75,3779.14,249549,943080485.1,29001,150130,60.16,ok,1,2018,1.1242706260932156,Positive,3762.1178571428572,29.769195487955564,59.53839097591113,3791.887052630813,3732.3486616549017
166,166,HEROMOTOCO,EQ,2018-01-10,3749.45,3740.0,3752.55,3725.0,3745.0,3736.9,3740.24,250123,935519494.45,17660,179421,71.73,ok,1,2018,-0.3347157583112104,Slight or No change,3764.7000000000003,8.874190103914476,17.74838020782895,3773.5741901039146,3755.825809896086
168,168,HEROMOTOCO,EQ,2018-01-12,3705.65,3726.9,3726.9,3650.6,3679.1,3687.35,3696.06,363795,1344608082.2,22464,257506,70.78,ok,1,2018,-0.4938404868241819,Slight or No change,3750.003571428572,12.940054095752542,25.880108191505084,3762.9436255243245,3737.063517332819
172,172,HEROMOTOCO,EQ,2018-01-18,3566.85,3586.0,3643.0,3576.05,3591.1,3593.35,3611.41,345926,1249281635.8,31440,195606,56.55,ok,1,2018,0.7429524650601982,Slight positive,3698.0642857142852,18.738329701511034,37.47665940302207,3716.8026154157965,3679.325956012774
173,173,HEROMOTOCO,EQ,2018-01-19,3593.35,3558.0,3620.0,3552.3,3593.25,3589.75,3572.4,295410,1055322380.35,27966,189957,64.3,ok,1,2018,-0.10018506407669657,Slight or No change,3686.6821428571425,2.545584412738901,5.091168825477802,3689.2277272698816,3684.1365584444034
174,174,HEROMOTOCO,EQ,2018-01-22,3589.75,3592.75,3621.9,3589.1,3609.1,3602.95,3608.67,320126,1155229192.1,41272,208905,65.26,ok,1,2018,0.3677136290828109,Slight or No change,3676.617857142857,9.333809511786846,18.667619023573693,3685.9516666546438,3667.28404763107
175,175,HEROMOTOCO,EQ,2018-01-23,3602.95,3634.0,3635.0,3608.25,3628.0,3630.0,3624.7,285236,1033893705.3,39821,183679,64.4,ok,1,2018,0.7507736715746782,Slight positive,3667.6749999999997,19.127238431150317,38.254476862300635,3686.80223843115,3648.5477615688496
176,176,HEROMOTOCO,EQ,2018-01-24,3630.0,3629.7,3650.0,3600.0,3645.5,3645.5,3628.56,312383,1133501299.4,28674,225436,72.17,ok,1,2018,0.4269972451790727,Slight or No change,3661.003571428571,10.960155108472623,21.920310216945246,3671.9637265370434,3650.0434163200985
178,178,HEROMOTOCO,EQ,2018-01-29,3571.2,3584.7,3658.25,3574.55,3650.0,3641.75,3605.97,403110,1453602494.65,45295,291004,72.19,ok,1,2018,1.9755264336917653,Positive,3638.2571428571423,49.886383412732606,99.77276682546521,3688.143526269875,3588.3707594444095
179,179,HEROMOTOCO,EQ,2018-01-30,3641.75,3657.4,3696.0,3649.9,3682.6,3687.85,3677.32,540432,1987339259.85,45332,392669,72.66,ok,1,2018,1.2658749227706378,Positive,3633.857142857142,32.597622612720954,65.19524522544191,3666.454765469863,3601.2595202444213
180,180,HEROMOTOCO,EQ,2018-01-31,3687.85,3703.0,3747.9,3682.0,3692.15,3691.45,3709.83,558327,2071295477.4,38162,347227,62.19,ok,1,2018,0.0976178532207106,Slight or No change,3630.6107142857136,2.5455844124894282,5.0911688249788565,3633.156298698203,3628.065129873224
181,181,HEROMOTOCO,EQ,2018-02-01,3691.45,3695.15,3744.0,3692.5,3729.65,3732.95,3725.56,346581,1291207555.75,35130,176084,50.81,ok,2,2018,1.1242194801500682,Positive,3632.560714285713,29.34493141925626,58.68986283851252,3661.905645704969,3603.2157828664567
183,183,HEROMOTOCO,EQ,2018-02-05,3623.45,3598.0,3662.6,3550.05,3655.65,3636.4,3615.29,319150,1153819339.3,37416,181651,56.92,ok,2,2018,0.3573941961390492,Slight or No change,3628.5392857142842,9.157032816465195,18.31406563293039,3637.6963185307495,3619.382252897819
185,185,HEROMOTOCO,EQ,2018-02-07,3541.85,3618.9,3620.0,3542.5,3562.0,3566.4,3573.09,336709,1203090815.15,47613,178023,52.87,ok,2,2018,0.6931405903694454,Slight positive,3625.3464285714276,17.35947147820764,34.71894295641528,3642.705900049635,3607.98695709322
186,186,HEROMOTOCO,EQ,2018-02-08,3566.4,3570.0,3615.95,3555.0,3574.45,3582.2,3587.22,325607,1168024966.2,36399,168262,51.68,ok,2,2018,0.4430237774786905,Slight or No change,3624.549999999999,11.172287142858654,22.344574285717307,3635.7222871428576,3613.37771285714
188,188,HEROMOTOCO,EQ,2018-02-12,3546.1,3566.0,3616.7,3545.5,3615.25,3611.9,3599.8,385092,1386255502.05,30228,289190,75.1,ok,2,2018,1.8555596288880816,Positive,3622.0714285714275,46.52762620210079,93.05525240420158,3668.599054773528,3575.543802369327
189,189,HEROMOTOCO,EQ,2018-02-14,3611.9,3620.4,3624.0,3562.65,3599.5,3596.05,3595.37,315246,1133425138.7,37781,216741,68.75,ok,2,2018,-0.43882721005564784,Slight or No change,3619.646428571428,11.20764248190029,22.41528496380058,3630.854071053328,3608.4387860895276
193,193,HEROMOTOCO,EQ,2018-02-20,3465.7,3466.0,3518.0,3443.25,3499.0,3477.45,3492.33,340087,1187695316.0,22913,238998,70.28,ok,2,2018,0.3390368468130456,Slight or No change,3578.0964285714276,8.308504679158887,16.617009358317773,3586.4049332505865,3569.7879238922687
194,194,HEROMOTOCO,EQ,2018-02-21,3477.45,3517.8,3517.8,3460.0,3505.0,3490.75,3483.07,266352,927723186.5,29195,179200,67.28,ok,2,2018,0.3824641619577518,Slight or No change,3563.760714285713,9.404520189963796,18.80904037992759,3573.165234475677,3554.3561940957493
195,195,HEROMOTOCO,EQ,2018-02-22,3490.75,3484.0,3499.3,3458.7,3471.05,3481.2,3478.07,434663,1511787762.25,34587,301132,69.28,ok,2,2018,-0.2735801761799106,Slight or No change,3545.7785714285706,6.752869760584171,13.505739521168342,3552.5314411891545,3539.0257016679866
196,196,HEROMOTOCO,EQ,2018-02-23,3481.2,3483.4,3508.0,3455.0,3494.75,3494.7,3484.18,142023,494833191.6,13393,67689,47.66,ok,2,2018,0.3877973112719646,Slight or No change,3536.582142857142,9.545941546195799,19.091883092391598,3546.128084403338,3527.036201310946
197,197,HEROMOTOCO,EQ,2018-02-26,3494.7,3519.0,3549.95,3500.4,3541.9,3537.85,3536.93,361326,1277984441.2,23243,268792,74.39,ok,2,2018,1.2347268721206506,Positive,3529.542857142856,30.511657608248974,61.02331521649795,3560.054514751105,3499.031199534607
198,198,HEROMOTOCO,EQ,2018-02-27,3537.85,3573.1,3593.95,3545.0,3584.85,3585.5,3577.8,320893,1148091249.85,55741,198730,61.93,ok,2,2018,1.3468632078804887,Positive,3532.6607142857133,33.69363812357397,67.38727624714794,3566.3543524092875,3498.967076162139
199,199,HEROMOTOCO,EQ,2018-02-28,3585.5,3525.0,3613.0,3525.0,3588.25,3596.7,3591.21,362559,1302026649.3,43079,211823,58.42,ok,2,2018,0.3123692650955245,Slight or No change,3534.8249999999985,7.919595949413248,15.839191898826495,3542.7445959494116,3526.9054040505853
202,202,HEROMOTOCO,EQ,2018-03-06,3556.45,3571.1,3595.0,3544.7,3552.5,3561.9,3579.92,380991,1363915667.1,24040,291192,76.43,ok,3,2018,0.15324269988332695,Slight or No change,3531.6142857142845,3.853731957771526,7.707463915543052,3535.4680176720562,3527.7605537565128
203,203,HEROMOTOCO,EQ,2018-03-07,3561.9,3550.0,3560.0,3515.0,3542.05,3554.4,3541.06,234750,831264778.2,22085,155735,66.34,ok,3,2018,-0.21056177882591287,Slight or No change,3528.6392857142846,5.303300859121759,10.606601718243517,3533.9425865734065,3523.3359848551627
204,204,HEROMOTOCO,EQ,2018-03-08,3554.4,3561.0,3601.0,3545.65,3600.0,3586.7,3570.5,145720,520293412.9,14399,80536,55.27,ok,3,2018,0.9087328381723879,Slight positive,3532.8857142857128,22.839549032373906,45.67909806474781,3555.7252633180865,3510.046165253339
205,205,HEROMOTOCO,EQ,2018-03-09,3586.7,3605.9,3661.45,3581.0,3589.3,3586.35,3626.03,272293,987341497.25,23366,106528,39.12,ok,3,2018,-0.00975827362198478,Slight or No change,3539.467857142856,0.24748737754928454,0.4949747550985691,3539.715344520405,3539.2203697653067
206,206,HEROMOTOCO,EQ,2018-03-12,3586.35,3600.4,3718.0,3599.85,3707.3,3694.5,3656.46,192336,703268328.15,14773,95095,49.44,ok,3,2018,3.0156008197749884,Among top gainers,3555.810714285713,76.47359838533407,152.94719677066814,3632.284312671047,3479.337115900379
207,207,HEROMOTOCO,EQ,2018-03-13,3694.5,3694.95,3729.75,3672.0,3690.0,3701.2,3705.49,233650,865786929.15,28173,139569,59.73,ok,3,2018,0.18135065638109624,Slight or No change,3571.792857142856,4.737615434024419,9.475230868048838,3576.5304725768806,3567.0552417088315
209,209,HEROMOTOCO,EQ,2018-03-15,3639.35,3641.9,3690.0,3632.0,3643.6,3640.8,3659.65,198082,724909905.5,12521,80831,40.81,ok,3,2018,0.039842279527935176,Slight or No change,3593.807142857142,1.025304833458509,2.050609666917018,3594.8324476906005,3592.7818380236836
212,212,HEROMOTOCO,EQ,2018-03-20,3515.3,3498.1,3537.0,3498.1,3510.6,3513.8,3515.1,212901,748368753.35,20764,145563,68.37,ok,3,2018,-0.04267061132762207,Slight or No change,3590.746428571428,1.0606601733110124,2.1213203466220247,3591.8070887447393,3589.685768398117
214,214,HEROMOTOCO,EQ,2018-03-22,3463.6,3473.2,3484.85,3440.0,3455.0,3452.3,3455.26,482411,1666857634.85,39040,327912,67.97,ok,3,2018,-0.3262501443584642,Slight or No change,3572.339285714286,7.990306627658645,15.98061325531729,3580.3295923419446,3564.348979086627
216,216,HEROMOTOCO,EQ,2018-03-26,3413.75,3414.0,3501.7,3365.5,3468.2,3481.7,3429.65,359650,1233472000.25,36687,204220,56.78,ok,3,2018,1.9904796777737044,Positive,3556.417857142857,48.04790578166948,96.09581156333896,3604.4657629245266,3508.3699513611873
217,217,HEROMOTOCO,EQ,2018-03-27,3481.7,3485.1,3488.0,3436.0,3471.0,3464.7,3460.51,325438,1126182872.55,20197,224319,68.93,ok,3,2018,-0.4882672257805143,Slight or No change,3550.0107142857137,12.020815280333448,24.041630560666896,3562.031529566047,3537.9898990053803
218,218,HEROMOTOCO,EQ,2018-03-28,3464.7,3455.0,3579.0,3428.05,3534.0,3542.8,3516.82,786796,2767016722.45,55307,343604,43.67,ok,3,2018,2.254163419632293,Positive,3546.875,55.22503961070088,110.45007922140177,3602.100039610701,3491.649960389299
219,219,HEROMOTOCO,EQ,2018-04-02,3542.8,3544.0,3654.65,3512.2,3640.0,3646.0,3592.76,244943,880020770.55,24452,73473,30.0,ok,4,2018,2.9129502088743218,Positive,3551.1357142857146,72.97341981846677,145.94683963693353,3624.1091341041815,3478.1622944672476
220,220,HEROMOTOCO,EQ,2018-04-03,3646.0,3644.95,3669.0,3621.0,3640.4,3644.95,3642.8,318581,1160527924.05,26697,195779,61.45,ok,4,2018,-0.02879868348876213,Slight or No change,3547.5964285714285,0.7424621213633427,1.4849242427266853,3548.3388906927917,3546.8539664500654
221,221,HEROMOTOCO,EQ,2018-04-04,3644.95,3653.5,3695.0,3627.0,3646.3,3667.15,3671.91,526063,1931657762.65,31871,343728,65.34,ok,4,2018,0.6090618527003101,Slight positive,3545.164285714286,15.697770542389952,31.395541084779904,3560.862056256676,3529.466515171896
222,222,HEROMOTOCO,EQ,2018-04-05,3667.15,3700.0,3796.0,3699.95,3790.0,3782.15,3753.95,440824,1654832345.5,36121,244863,55.55,ok,4,2018,3.1359502611019385,Among top gainers,3555.3642857142863,81.31727983645675,162.6345596729135,3636.681565550743,3474.0470058778296
223,223,HEROMOTOCO,EQ,2018-04-06,3782.15,3781.0,3787.95,3750.0,3761.5,3779.45,3773.58,213101,804153767.8,16317,122314,57.4,ok,4,2018,-0.07138796716154028,Slight or No change,3565.2678571428573,1.9091883091975996,3.8183766183951993,3567.177045452055,3563.3586688336595
224,224,HEROMOTOCO,EQ,2018-04-09,3779.45,3784.0,3807.1,3775.2,3800.0,3798.7,3797.54,265991,1010111521.55,23877,194148,72.99,ok,4,2018,0.5093333686118307,Slight positive,3583.3107142857143,13.61180553783698,27.22361107567396,3596.9225198235513,3569.6989087478773
226,226,HEROMOTOCO,EQ,2018-04-11,3718.3,3732.0,3755.0,3681.0,3747.35,3739.35,3715.19,291118,1081559744.15,11795,183774,63.13,ok,4,2018,0.5661189253153287,Slight positive,3613.9214285714284,14.884597743997325,29.76919548799465,3628.8060263154257,3599.036830827431
227,227,HEROMOTOCO,EQ,2018-04-12,3739.35,3744.0,3786.5,3726.05,3737.35,3749.45,3753.86,115113,432117940.05,14309,45018,39.11,ok,4,2018,0.2701004185219347,Slight or No change,3634.3392857142853,7.141778490018267,14.283556980036535,3641.4810642043035,3627.197507224267
229,229,HEROMOTOCO,EQ,2018-04-16,3725.9,3723.0,3810.0,3710.2,3807.0,3803.15,3786.5,164316,622183147.4,13594,60556,36.85,ok,4,2018,2.0733245658767,Positive,3681.696428571428,54.62399884666314,109.24799769332628,3736.320427418091,3627.072429724765
232,232,HEROMOTOCO,EQ,2018-04-19,3737.8,3765.0,3770.0,3709.0,3710.0,3723.6,3738.45,234124,875261236.3,26688,133356,56.96,ok,4,2018,-0.3799026165123953,Slight or No change,3734.6392857142855,10.040916292879462,20.081832585758924,3744.680202007165,3724.598369421406
233,233,HEROMOTOCO,EQ,2018-04-20,3723.6,3725.0,3750.3,3690.0,3737.2,3742.7,3726.94,399283,1488101844.25,26626,293271,73.45,ok,4,2018,0.5129444623482637,Slight positive,3741.5464285714284,13.505739520684774,27.011479041369547,3755.0521680921133,3728.0406890507434
235,235,HEROMOTOCO,EQ,2018-04-24,3718.2,3740.0,3744.0,3706.3,3718.0,3716.9,3719.26,333702,1241125343.55,21306,243728,73.04,ok,4,2018,-0.034963154214395775,Slight or No change,3750.3321428571426,0.9192388159625269,1.8384776319250538,3751.2513816731052,3749.41290404118
236,236,HEROMOTOCO,EQ,2018-04-25,3716.9,3736.0,3753.0,3700.9,3709.55,3717.2,3728.1,219848,819615194.85,18140,105796,48.12,ok,4,2018,0.00807124216415378,Slight or No change,3745.6928571428566,0.21213203619060667,0.42426407238121333,3745.9049891790473,3745.480725106666
237,237,HEROMOTOCO,EQ,2018-04-26,3717.2,3707.0,3774.55,3659.05,3770.0,3761.85,3717.88,341735,1270529986.1,27561,227781,66.65,ok,4,2018,1.2011729258581738,Positive,3744.435714285714,31.572317779987856,63.14463555997571,3776.0080320657016,3712.863396505726
239,239,HEROMOTOCO,EQ,2018-04-30,3713.5,3731.0,3750.0,3717.05,3732.0,3732.25,3732.78,216291,807366547.5,13742,168097,77.72,ok,4,2018,0.5049145011444711,Slight positive,3739.346428571428,13.258252147275616,26.516504294551233,3752.6046807187035,3726.0881764241526
241,241,HEROMOTOCO,EQ,2018-05-03,3664.1,3665.0,3682.95,3637.4,3649.0,3655.6,3663.78,393371,1441226119.3,45121,239420,60.86,ok,5,2018,-0.23198056821592816,Slight or No change,3727.2678571428564,6.010407640204819,12.020815280409638,3733.2782647830613,3721.2574495026515
242,242,HEROMOTOCO,EQ,2018-05-04,3655.6,3655.0,3669.85,3643.4,3655.65,3659.75,3658.55,279580,1022857121.7,37007,212964,76.17,ok,5,2018,0.11352445562973212,Slight or No change,3722.5428571428565,2.9344931421731952,5.8689862843463905,3725.47735028503,3719.608364000683
243,243,HEROMOTOCO,EQ,2018-05-07,3659.75,3662.95,3679.0,3622.75,3645.0,3648.05,3657.42,198507,726023700.65,13411,127835,64.4,ok,5,2018,-0.31969396816722284,Slight or No change,3711.4642857142853,8.273149339973791,16.546298679947583,3719.737435054259,3703.1911363743116
244,244,HEROMOTOCO,EQ,2018-05-08,3648.05,3659.9,3674.0,3640.15,3660.65,3657.3,3657.58,360338,1317966748.8,23149,309305,85.84,ok,5,2018,0.2535601211606231,Slight or No change,3703.485714285714,6.540737726092342,13.081475452184684,3710.026452011806,3696.944976559622
245,245,HEROMOTOCO,EQ,2018-05-09,3657.3,3660.0,3685.0,3635.0,3658.0,3654.4,3659.37,259686,950287383.9,25122,169725,65.36,ok,5,2018,-0.07929346785880975,Slight or No change,3697.528571428571,2.0506096658040276,4.101219331608055,3699.579181094375,3695.477961762767
246,246,HEROMOTOCO,EQ,2018-05-10,3654.4,3663.0,3665.35,3625.05,3650.0,3646.0,3646.03,352223,1284213945.3,72589,276639,78.54,ok,5,2018,-0.22985989492119166,Slight or No change,3691.985714285714,5.9396969620975675,11.879393924195135,3697.9254112478116,3686.0460173236165
248,248,HEROMOTOCO,EQ,2018-05-14,3618.3,3625.0,3655.05,3624.2,3654.0,3648.3,3645.03,223997,816475195.25,11632,148515,66.3,ok,5,2018,0.8291186468783573,Slight positive,3678.1071428571436,21.21320343563782,42.42640687127564,3699.3203462927813,3656.893939421506
249,249,HEROMOTOCO,EQ,2018-05-15,3648.3,3650.0,3659.35,3631.05,3650.0,3649.6,3650.43,341729,1247457960.85,18151,263250,77.03,ok,5,2018,0.0356330345640421,Slight or No change,3673.3,0.9192388164008001,1.8384776328016001,3674.219238816401,3672.3807611835996
252,252,HEROMOTOCO,EQ,2018-05-18,3554.55,3550.0,3575.0,3535.35,3568.75,3561.05,3558.75,424207,1509647034.0,39567,344359,81.18,ok,5,2018,0.18286421628617155,Slight or No change,3637.482142857144,4.596194078022949,9.192388156045897,3642.078336935167,3632.885948779121
254,254,HEROMOTOCO,EQ,2018-05-22,3492.9,3467.1,3516.95,3450.0,3505.0,3499.9,3497.23,323714,1132102611.2,31615,230827,71.31,ok,5,2018,0.20040653897908103,Slight or No change,3608.657142857144,4.949747468667352,9.899494937334705,3613.6068903258115,3603.707395388477
255,255,HEROMOTOCO,EQ,2018-05-23,3499.9,3494.5,3494.8,3452.0,3483.45,3482.95,3478.4,155958,542484170.8,27025,111114,71.25,ok,5,2018,-0.4842995514157678,Slight or No change,3596.325000000001,11.985459941263832,23.970919882527664,3608.310459941265,3584.3395400587374
256,256,HEROMOTOCO,EQ,2018-05-24,3482.95,3495.0,3509.9,3445.95,3500.05,3489.9,3471.85,324856,1127850645.45,19604,226110,69.6,ok,5,2018,0.19954349043196373,Slight or No change,3584.1928571428584,4.914392129622586,9.828784259245172,3589.107249272481,3579.2784650132357
257,257,HEROMOTOCO,EQ,2018-05-25,3489.9,3480.0,3575.0,3461.85,3537.35,3552.85,3533.95,177764,628208768.85,18918,90226,50.76,ok,5,2018,1.803776612510388,Positive,3577.3928571428582,44.51237187572972,89.02474375145944,3621.9052290185878,3532.8804852671287
258,258,HEROMOTOCO,EQ,2018-05-28,3552.85,3570.0,3610.0,3537.35,3608.15,3599.8,3586.81,191457,686719234.3,20708,92818,48.48,ok,5,2018,1.3214743093572734,Positive,3573.285714285715,33.19866337674837,66.39732675349674,3606.4843776624634,3540.087050908967
259,259,HEROMOTOCO,EQ,2018-05-29,3599.8,3608.15,3624.0,3565.2,3615.85,3610.4,3599.64,309517,1114148735.25,20652,134759,43.54,ok,5,2018,0.2944608033779605,Slight or No change,3570.1428571428582,7.495331880732528,14.990663761465056,3577.6381890235907,3562.647525262126
260,260,HEROMOTOCO,EQ,2018-05-30,3610.4,3594.9,3622.45,3528.4,3589.0,3601.45,3590.26,237040,851034962.65,28428,114430,48.27,ok,5,2018,-0.2478949700864264,Slight or No change,3566.9607142857153,6.328605691803058,12.657211383606116,3573.2893199775185,3560.632108593912
262,262,HEROMOTOCO,EQ,2018-06-01,3544.9,3563.5,3637.0,3554.2,3622.0,3626.3,3607.86,300310,1083475101.0,20048,128408,42.76,ok,6,2018,2.296256593980095,Positive,3560.146428571429,57.558491988606754,115.11698397721351,3617.704920560036,3502.5879365828223
263,263,HEROMOTOCO,EQ,2018-06-04,3626.3,3669.85,3669.85,3592.85,3605.0,3613.6,3623.81,230153,834030627.45,24450,112646,48.94,ok,6,2018,-0.3502192317238029,Slight or No change,3557.5750000000007,8.980256121191166,17.960512242382332,3566.555256121192,3548.5947438788094
264,264,HEROMOTOCO,EQ,2018-06-05,3613.6,3600.1,3619.0,3565.3,3614.0,3610.4,3596.53,225466,810895582.8,30535,130365,57.82,ok,6,2018,-0.0885543502324504,Slight or No change,3560.067857142858,2.2627417002970716,4.525483400594143,3562.3305988431553,3557.8051154425607
265,265,HEROMOTOCO,EQ,2018-06-06,3610.4,3624.95,3640.0,3598.0,3639.0,3635.2,3628.02,211568,767573443.75,17957,114999,54.36,ok,6,2018,0.6869044981165473,Slight positive,3565.8285714285716,17.53624817348751,35.07249634697502,3583.364819602059,3548.2923232550843
266,266,HEROMOTOCO,EQ,2018-06-07,3635.2,3652.0,3667.45,3628.3,3663.0,3651.5,3649.62,222475,811948468.5,25818,130574,58.69,ok,6,2018,0.4483934859154992,Slight or No change,3572.289285714286,11.525840533424025,23.05168106684805,3583.81512624771,3560.763445180862
267,267,HEROMOTOCO,EQ,2018-06-08,3651.5,3657.0,3660.0,3608.4,3630.05,3635.15,3629.91,175173,635862285.1,21162,85736,48.94,ok,6,2018,-0.4477611940298498,Slight or No change,3582.4500000000003,11.561195872482921,23.122391744965842,3594.0111958724833,3570.8888041275172
269,269,HEROMOTOCO,EQ,2018-06-12,3612.3,3624.8,3712.2,3601.3,3693.0,3687.85,3658.38,257348,941477138.95,26563,131195,50.98,ok,6,2018,2.0914652714337123,Positive,3605.1142857142863,53.421917318660945,106.84383463732189,3658.5362030329475,3551.692368395625
270,270,HEROMOTOCO,EQ,2018-06-13,3687.85,3704.7,3708.9,3679.0,3694.8,3696.8,3695.56,209724,775047142.9,16798,128045,61.05,ok,6,2018,0.24268882953482065,Slight or No change,3619.892857142858,6.328605691721778,12.657211383443556,3626.2214628345796,3613.564251451136
271,271,HEROMOTOCO,EQ,2018-06-14,3696.8,3690.05,3706.15,3667.1,3690.25,3695.6,3690.2,155159,572568207.55,13807,100793,64.96,ok,6,2018,-0.0324605063839023,Slight or No change,3630.0892857142862,0.8485281381535349,1.6970562763070698,3630.93781385244,3629.2407575761326
272,272,HEROMOTOCO,EQ,2018-06-15,3695.6,3696.0,3710.35,3652.0,3678.0,3693.7,3686.1,306688,1130482570.75,37527,225309,73.47,ok,6,2018,-0.05141249052927899,Slight or No change,3636.796428571429,1.3435028847220523,2.6870057694441045,3638.139931456151,3635.4529256867067
274,274,HEROMOTOCO,EQ,2018-06-19,3666.15,3658.0,3660.0,3620.0,3653.0,3652.75,3644.83,242770,884855184.4,23162,166839,68.72,ok,6,2018,-0.36550604857957797,Slight or No change,3644.4428571428575,9.475230867993124,18.95046173598625,3653.9180880108506,3634.9676262748644
275,275,HEROMOTOCO,EQ,2018-06-20,3652.75,3655.0,3690.0,3641.1,3653.0,3655.8,3654.09,433541,1584196713.2,26400,343067,79.13,ok,6,2018,0.08349873383068918,Slight or No change,3652.3642857142863,2.156675683046023,4.313351366092046,3654.5209613973325,3650.20761003124
277,277,HEROMOTOCO,EQ,2018-06-22,3635.2,3634.0,3644.2,3601.7,3635.0,3637.65,3624.64,193715,702146571.0,25531,77828,40.18,ok,6,2018,0.06739656690142315,Slight or No change,3654.717857142857,1.7324116145008104,3.4648232290016208,3656.450268757358,3652.985445528356
284,284,HEROMOTOCO,EQ,2018-07-03,3415.4,3455.0,3484.95,3432.55,3447.7,3447.65,3462.46,289618,1002790060.25,33406,85890,29.66,ok,7,2018,0.9442525033670934,Slight positive,3584.3678571428572,22.804193693365505,45.60838738673101,3607.1720508362228,3561.5636634494917
285,285,HEROMOTOCO,EQ,2018-07-04,3447.65,3460.0,3479.05,3415.45,3470.4,3458.8,3452.59,266759,921008213.65,28431,143889,53.94,ok,7,2018,0.3234086986788176,Slight or No change,3567.4535714285716,7.884240610499274,15.768481220998549,3575.3378120390707,3559.5693308180726
286,286,HEROMOTOCO,EQ,2018-07-05,3458.8,3480.9,3517.9,3458.85,3508.75,3505.75,3492.91,273797,956347667.4,25463,147750,53.96,ok,7,2018,1.3574071932461962,Positive,3554.028571428572,33.198663376767236,66.39732675353447,3587.2272348053393,3520.8299080518045
287,287,HEROMOTOCO,EQ,2018-07-06,3505.75,3509.3,3670.0,3486.0,3647.8,3637.1,3615.44,1032128,3731598907.35,58363,380987,36.91,ok,7,2018,3.7467018469657054,Among top gainers,3551.9535714285716,92.87847570886858,185.75695141773716,3644.8320471374404,3459.075095719703
294,294,HEROMOTOCO,EQ,2018-07-17,3426.0,3415.0,3514.6,3398.55,3501.3,3488.6,3465.25,318577,1103948890.2,32729,150501,47.24,ok,7,2018,1.8272037361354296,Positive,3503.9428571428575,44.26488450232639,88.52976900465278,3548.207741645184,3459.677972640531
295,295,HEROMOTOCO,EQ,2018-07-18,3488.6,3500.0,3515.0,3473.2,3500.0,3506.15,3494.95,211820,740300676.6,18995,113888,53.77,ok,7,2018,0.5030671329473213,Slight positive,3503.2357142857145,12.409724009974564,24.819448019949128,3515.645438295689,3490.82599027574
300,300,HEROMOTOCO,EQ,2018-07-25,3108.25,3147.05,3164.8,3061.65,3121.95,3110.05,3129.89,964916,3020081964.05,60185,378928,39.27,ok,7,2018,0.05791039974263335,Slight or No change,3425.428571428571,1.2727922097802107,2.5455844195604214,3426.7013636383513,3424.155779218791
301,301,HEROMOTOCO,EQ,2018-07-26,3110.05,3082.0,3189.95,3068.05,3145.05,3136.75,3121.37,1770364,5525961961.8,104039,531890,30.04,ok,7,2018,0.8585070979566289,Slight positive,3389.6892857142852,18.87975105792088,37.75950211584176,3408.569036772206,3370.8095346563646
302,302,HEROMOTOCO,EQ,2018-07-27,3136.75,3150.0,3238.4,3132.05,3203.0,3203.95,3197.77,820125,2622574580.7,69185,353404,43.09,ok,7,2018,2.1423447836136145,Positive,3360.5785714285707,47.51757569582501,95.03515139165002,3408.096147124396,3313.0609957327456
303,303,HEROMOTOCO,EQ,2018-07-30,3203.95,3223.0,3228.0,3175.0,3211.0,3209.95,3203.83,317977,1018744482.95,33311,149113,46.89,ok,7,2018,0.18726884002560065,Slight or No change,3333.896428571428,4.242640688058815,8.48528137611763,3338.1390692594864,3329.653787883369
304,304,HEROMOTOCO,EQ,2018-07-31,3209.95,3215.0,3302.0,3191.05,3292.8,3294.45,3268.14,753969,2464073468.25,45852,423538,56.17,ok,7,2018,2.6324397576286134,Positive,3316.599999999999,59.75052301032447,119.50104602064894,3376.3505230103233,3256.8494769896747
305,305,HEROMOTOCO,EQ,2018-08-01,3294.45,3296.0,3333.35,3257.15,3280.0,3280.4,3296.81,463790,1529026140.55,31290,150655,32.48,ok,8,2018,-0.4264748288788645,Slight or No change,3300.9964285714277,9.934850276010678,19.869700552021357,3310.9312788474385,3291.061578295417
307,307,HEROMOTOCO,EQ,2018-08-03,3263.7,3270.0,3282.45,3229.0,3245.0,3250.55,3257.78,311563,1015004912.4,32561,112467,36.1,ok,8,2018,-0.4029169347672723,Slight or No change,3274.7357142857136,9.298454172991539,18.596908345983078,3284.034168458705,3265.437260112722
308,308,HEROMOTOCO,EQ,2018-08-06,3250.55,3279.0,3309.0,3251.05,3304.0,3297.1,3285.56,338084,1110795742.6,36723,190588,56.37,ok,8,2018,1.4320653427881247,Positive,3261.057142857142,32.91582066433959,65.83164132867918,3293.9729635214817,3228.1413221928024
309,309,HEROMOTOCO,EQ,2018-08-07,3297.1,3304.0,3329.95,3268.05,3306.0,3297.75,3293.95,248243,817700116.2,20857,119685,48.21,ok,8,2018,0.019714294379902242,Slight or No change,3246.1714285714274,0.4596194150354984,0.9192388300709968,3246.631047986463,3245.711809156392
310,310,HEROMOTOCO,EQ,2018-08-08,3297.75,3298.0,3322.4,3287.05,3295.0,3299.05,3302.97,234708,775232958.35,32950,154733,65.93,ok,8,2018,0.03942081722387858,Slight or No change,3235.310714285714,0.9192388191667711,1.8384776383335422,3236.2299531048807,3234.391475466547
312,312,HEROMOTOCO,EQ,2018-08-10,3281.35,3299.9,3340.0,3262.35,3304.0,3319.4,3312.92,356538,1181183149.25,25288,163270,45.79,ok,8,2018,1.1595837079251048,Positive,3239.4785714285713,26.90541302427146,53.81082604854292,3266.383984452843,3212.5731584042996
313,313,HEROMOTOCO,EQ,2018-08-13,3319.4,3300.0,3347.0,3277.15,3310.0,3308.2,3321.8,293422,974688314.7,21263,136937,46.67,ok,8,2018,-0.3374103753690516,Slight or No change,3253.7607142857137,7.919595949696123,15.839191899392246,3261.6803102354097,3245.8411183360176
315,315,HEROMOTOCO,EQ,2018-08-16,3266.35,3262.0,3304.45,3235.1,3295.0,3282.65,3278.01,274268,899054148.05,20074,128102,46.71,ok,8,2018,0.4990279669968123,Slight or No change,3275.346428571428,11.525840533646306,23.051681067292613,3286.8722691050743,3263.820588037782
317,317,HEROMOTOCO,EQ,2018-08-20,3242.3,3266.6,3324.0,3250.35,3309.0,3304.0,3299.13,301515,994737327.65,32202,150056,49.77,ok,8,2018,1.9029701138080892,Positive,3284.8035714285716,43.6284883992909,87.2569767985818,3328.4320598278623,3241.175083029281
318,318,HEROMOTOCO,EQ,2018-08-21,3304.0,3310.0,3349.9,3297.05,3314.6,3316.75,3322.08,317643,1055235267.7,33716,157890,49.71,ok,8,2018,0.38589588377724304,Slight or No change,3286.3964285714287,9.015611460488786,18.031222920977573,3295.4120400319175,3277.38081711094
321,321,HEROMOTOCO,EQ,2018-08-27,3212.3,3230.0,3240.0,3210.1,3223.7,3223.75,3223.75,250565,807758326.45,21704,149472,59.65,ok,8,2018,0.35644242443109153,Slight or No change,3281.121428571429,8.096372645083353,16.192745290166705,3289.2178012165123,3273.025055926346
322,322,HEROMOTOCO,EQ,2018-08-28,3223.75,3228.0,3244.8,3188.7,3229.9,3232.75,3216.81,363420,1169052799.1,52052,181488,49.94,ok,8,2018,0.27917797595966576,Slight or No change,3276.5250000000005,6.3639610312994535,12.727922062598907,3282.8889610313,3270.161038968701
323,323,HEROMOTOCO,EQ,2018-08-29,3232.75,3216.0,3274.85,3201.0,3244.2,3246.1,3241.06,294701,955144631.8,23126,106061,35.99,ok,8,2018,0.412961101229592,Slight or No change,3272.8357142857144,9.439875529249257,18.879751058498513,3282.2755898149635,3263.3958387564653
325,325,HEROMOTOCO,EQ,2018-08-31,3223.7,3208.0,3260.0,3201.05,3259.3,3253.8,3244.8,401621,1303177936.05,37708,260971,64.98,ok,8,2018,0.9337097124422432,Slight positive,3265.4857142857145,21.283914113896724,42.56782822779345,3286.769628399611,3244.201800171818
326,326,HEROMOTOCO,EQ,2018-09-03,3253.8,3280.0,3295.75,3235.0,3236.65,3242.45,3261.1,292015,952291219.3,21825,182650,62.55,ok,9,2018,-0.3488229147458499,Slight or No change,3259.9892857142854,8.025661966940106,16.051323933880212,3268.0149476812257,3251.963623747345
329,329,HEROMOTOCO,EQ,2018-09-06,3145.4,3151.35,3180.0,3116.6,3152.0,3164.85,3153.57,303246,956307749.95,26942,144177,47.54,ok,9,2018,0.6183633242194952,Slight positive,3234.0750000000003,13.753226894406922,27.506453788813843,3247.828226894407,3220.3217731055934
330,330,HEROMOTOCO,EQ,2018-09-07,3164.85,3180.0,3345.0,3161.85,3339.0,3329.35,3264.04,666688,2176093751.45,47571,351056,52.66,ok,9,2018,5.197718691249187,Among top gainers,3240.292857142857,116.31906550521983,232.63813101043965,3356.611922648077,3123.973791637637
334,334,HEROMOTOCO,EQ,2018-09-14,3163.75,3187.0,3200.6,3151.15,3190.75,3186.65,3178.84,329042,1045971521.85,43615,172126,52.31,ok,9,2018,0.7238245752666961,Slight positive,3218.5142857142855,16.192745289443778,32.385490578887556,3234.7070310037293,3202.3215404248417
337,337,HEROMOTOCO,EQ,2018-09-19,3111.45,3130.0,3180.0,3102.05,3138.0,3153.95,3157.85,299509,945805359.6,22839,125116,41.77,ok,9,2018,1.3659226405695168,Positive,3196.4214285714284,30.052038200586328,60.104076401172655,3226.4734667720145,3166.369390370842
338,338,HEROMOTOCO,EQ,2018-09-21,3153.95,3169.85,3188.75,3020.0,3182.0,3175.2,3155.37,579823,1829553682.55,44791,371814,64.13,ok,9,2018,0.6737583030802741,Slight positive,3192.9571428571426,15.02601910051482,30.05203820102964,3207.9831619576576,3177.9311237566276
340,340,HEROMOTOCO,EQ,2018-09-25,3110.2,3121.95,3125.0,3082.0,3112.6,3112.6,3101.63,463611,1437951343.4,46999,272009,58.67,ok,9,2018,0.07716545559770527,Slight or No change,3173.4249999999993,1.6970562777422766,3.3941125554845533,3175.1220562777416,3171.727943722257
341,341,HEROMOTOCO,EQ,2018-09-26,3112.6,3140.0,3140.0,3086.7,3095.85,3100.05,3100.74,357504,1108528086.0,34282,215624,60.31,ok,9,2018,-0.4031998971920525,Slight or No change,3167.4178571428565,8.874190104448928,17.748380208897856,3176.2920472473056,3158.5436670384074
342,342,HEROMOTOCO,EQ,2018-09-27,3100.05,3114.0,3130.9,3075.0,3088.35,3088.1,3093.07,932370,2883883719.4,39854,652426,69.98,ok,9,2018,-0.3854776535862414,Slight or No change,3163.3249999999994,8.44992603577529,16.89985207155058,3171.7749260357746,3154.875073964224
344,344,HEROMOTOCO,EQ,2018-10-01,2933.25,2910.0,2985.7,2850.0,2965.5,2973.0,2903.2,663628,1926642821.7,50106,391459,58.99,ok,10,2018,1.3551521350038342,Positive,3121.3285714285707,28.107494552377727,56.21498910475545,3149.4360659809486,3093.221076876193
348,348,HEROMOTOCO,EQ,2018-10-08,2740.75,2725.0,2885.0,2710.05,2873.1,2873.05,2820.3,762339,2150025301.5,65590,314468,41.25,ok,10,2018,4.8271458542369805,Among top gainers,3012.607142857142,93.55022715105531,187.10045430211062,3106.1573700081976,2919.056915706087
349,349,HEROMOTOCO,EQ,2018-10-09,2873.05,2896.6,2931.9,2870.15,2886.55,2891.75,2897.0,699147,2025425663.4,60980,383324,54.83,ok,10,2018,0.6508762464976225,Slight positive,2995.739285714285,13.222896808676902,26.445793617353804,3008.962182522962,2982.516388905608
350,350,HEROMOTOCO,EQ,2018-10-10,2891.75,2918.0,2993.65,2907.9,2919.95,2920.1,2950.6,1165353,3438495672.05,58215,881948,75.68,ok,10,2018,0.9803752053255009,Slight positive,2982.071428571428,20.0464772469531,40.0929544939062,3002.117905818381,2962.024951324475
352,352,HEROMOTOCO,EQ,2018-10-12,2871.0,2892.5,2939.8,2875.0,2886.65,2893.95,2897.89,384692,1114795703.15,48451,199213,51.79,ok,10,2018,0.7993730407523492,Slight positive,2941.7714285714283,16.228100628630674,32.45620125726135,2957.999529200059,2925.5433279427975
353,353,HEROMOTOCO,EQ,2018-10-15,2893.95,2902.0,2914.5,2867.0,2881.3,2881.25,2880.97,209679,604078152.3,19500,75974,36.23,ok,10,2018,-0.4388465592010893,Slight or No change,2925.417857142857,8.980256121786352,17.960512243572705,2934.398113264643,2916.437601021071
354,354,HEROMOTOCO,EQ,2018-10-16,2881.25,2871.0,2911.3,2871.0,2894.0,2895.2,2892.78,609045,1761832055.35,32965,300064,49.27,ok,10,2018,0.4841648590021563,Slight or No change,2909.8892857142855,9.864139598204742,19.728279196409485,2919.7534253124904,2900.0251461160806
357,357,HEROMOTOCO,EQ,2018-10-22,2712.75,2750.0,2766.0,2691.45,2740.0,2731.8,2732.43,312603,854165533.85,27216,117277,37.52,ok,10,2018,0.7022394249377895,Slight positive,2847.796428571429,13.470384182186853,26.940768364373707,2861.266812753616,2834.326044389242
358,358,HEROMOTOCO,EQ,2018-10-23,2731.8,2717.0,2744.9,2694.0,2738.2,2724.25,2717.63,463980,1260926162.4,43791,316521,68.22,ok,10,2018,-0.2763745515777183,Slight or No change,2830.0285714285715,5.338656199420745,10.67731239884149,2835.367227627992,2824.6899152291508
360,360,HEROMOTOCO,EQ,2018-10-25,2701.65,2688.7,2715.0,2648.0,2698.35,2695.1,2682.78,700158,1878369108.35,61809,449775,64.24,ok,10,2018,-0.2424444321063146,Slight or No change,2810.0107142857146,4.631549418509807,9.263098837019614,2814.642263704224,2805.379164867205
361,361,HEROMOTOCO,EQ,2018-10-26,2695.1,2704.0,2757.0,2672.0,2710.0,2705.35,2712.97,657518,1783829113.65,35021,457728,69.61,ok,10,2018,0.3803198397090979,Slight or No change,2807.4821428571427,7.247844508270398,14.495689016540796,2814.729987365413,2800.2342983488725
362,362,HEROMOTOCO,EQ,2018-10-29,2705.35,2738.0,2769.0,2708.0,2745.0,2749.85,2741.29,453890,1244243492.0,34438,293416,64.64,ok,10,2018,1.644888831389646,Positive,2798.6821428571425,31.46625176304873,62.93250352609746,2830.148394620191,2767.215891094094
363,363,HEROMOTOCO,EQ,2018-10-30,2749.85,2759.0,2809.95,2735.0,2774.75,2773.9,2770.62,403508,1117966029.5,38944,202795,50.26,ok,10,2018,0.8745931596269019,Slight positive,2790.2642857142855,17.005918087975054,34.01183617595011,2807.2702038022608,2773.2583676263102
364,364,HEROMOTOCO,EQ,2018-10-31,2773.9,2784.5,2820.0,2712.85,2753.0,2762.35,2771.1,762180,2112079679.25,70489,427828,56.13,ok,10,2018,-0.4163812682504875,Slight or No change,2778.996428571428,8.167083323610774,16.334166647221547,2787.163511895039,2770.8293452478174
365,365,HEROMOTOCO,EQ,2018-11-01,2762.35,2778.0,2805.0,2749.0,2793.2,2792.25,2776.59,172451,478825681.55,20122,47825,27.73,ok,11,2018,1.0824117146632342,Positive,2773.371428571428,21.142492757823973,42.284985515647946,2794.5139213292523,2752.228935813604
366,366,HEROMOTOCO,EQ,2018-11-02,2792.25,2849.95,2939.85,2838.55,2897.0,2896.6,2909.25,548045,1594401410.6,38884,152879,27.9,ok,11,2018,3.737129555018348,Among top gainers,2773.5607142857143,73.78659261690666,147.57318523381332,2847.347306902621,2699.7741216688078
368,368,HEROMOTOCO,EQ,2018-11-06,2847.8,2864.0,2963.95,2827.8,2855.0,2856.05,2854.35,248605,709604852.4,21003,90277,36.31,ok,11,2018,0.2896973102043621,Slight or No change,2768.3750000000005,5.833630945921592,11.667261891843184,2774.208630945922,2762.541369054079
369,369,HEROMOTOCO,EQ,2018-11-07,2856.05,2897.0,2897.0,2850.0,2891.15,2888.55,2885.75,37641,108622385.5,3039,12297,32.67,ok,11,2018,1.137935260237044,Positive,2774.1607142857147,22.98097038884223,45.96194077768446,2797.141684674557,2751.1797438968724
370,370,HEROMOTOCO,EQ,2018-11-09,2888.55,2898.0,2965.5,2878.3,2959.9,2956.7,2942.37,275743,811338545.85,27295,75802,27.49,ok,11,2018,2.35931522736319,Positive,2791.5857142857144,48.18932713798767,96.37865427597534,2839.775041423702,2743.3963871477267
372,372,HEROMOTOCO,EQ,2018-11-13,2839.35,2828.0,2898.45,2808.0,2872.3,2879.7,2847.97,269648,767949604.5,18747,36518,13.54,ok,11,2018,1.4210998996249111,Positive,2810.371428571428,28.53175862110667,57.06351724221334,2838.903187192535,2781.8396699503214
374,374,HEROMOTOCO,EQ,2018-11-15,2847.55,2872.0,2934.9,2856.2,2919.7,2922.15,2912.96,341266,994093170.6,35366,116041,34.0,ok,11,2018,2.6197959649523206,Positive,2837.0107142857146,52.750165876635876,105.50033175327175,2889.7608801623505,2784.2605484090786
375,375,HEROMOTOCO,EQ,2018-11-16,2922.15,2930.0,2970.0,2925.25,2954.0,2961.9,2948.75,383335,1130357491.35,24338,213125,55.6,ok,11,2018,1.3602997792721006,Positive,2855.3357142857144,28.10749455237056,56.21498910474112,2883.443208838085,2827.228219733344
376,376,HEROMOTOCO,EQ,2018-11-19,2961.9,2973.3,2998.9,2963.1,2988.0,2980.65,2979.32,291764,869257413.45,22870,142403,48.81,ok,11,2018,0.6330396029575525,Slight positive,2871.821428571429,13.258252147660926,26.51650429532185,2885.07968071909,2858.563176423768
379,379,HEROMOTOCO,EQ,2018-11-22,2912.05,2901.0,2954.7,2872.15,2916.0,2917.75,2917.4,346980,1012277993.15,26882,142553,41.08,ok,11,2018,0.1957383973489435,Slight or No change,2904.778571428572,4.030508654267621,8.061017308535241,2908.8090800828395,2900.7480627743043
380,380,HEROMOTOCO,EQ,2018-11-26,2917.75,2918.0,3104.7,2912.25,3096.1,3076.0,3004.23,645146,1938169611.6,49378,259044,40.15,ok,11,2018,5.423699768657353,Among top gainers,2917.592857142858,111.89964812281833,223.79929624563667,3029.4925052656763,2805.69320902004
382,382,HEROMOTOCO,EQ,2018-11-28,2958.15,2973.0,3015.0,2970.0,3002.05,2999.15,2998.84,650210,1949877552.15,36179,315075,48.46,ok,11,2018,1.386001386001379,Positive,2935.696428571429,28.991378028837616,57.98275605767523,2964.6878066002664,2906.7050505425914
383,383,HEROMOTOCO,EQ,2018-11-29,2999.15,3025.95,3042.8,2996.65,3032.85,3016.8,3021.44,502846,1519318031.75,37253,275799,54.85,ok,11,2018,0.5885000750212699,Slight positive,2944.8571428571436,12.480434688358013,24.960869376716026,2957.3375775455015,2932.3767081687856
384,384,HEROMOTOCO,EQ,2018-11-30,3016.8,3025.0,3061.8,3020.0,3055.0,3055.2,3046.36,418913,1276160551.55,33985,186940,44.63,ok,11,2018,1.2728719172633074,Positive,2951.892857142858,27.152900397744943,54.30580079548989,2979.0457575406026,2924.739956745113
386,386,HEROMOTOCO,EQ,2018-12-04,3039.9,3040.0,3091.25,3035.0,3079.0,3069.15,3064.25,427274,1309272552.25,39797,186831,43.73,ok,12,2018,0.962202704036308,Slight positive,2979.750000000001,20.68287334993675,41.3657466998735,3000.432873349938,2959.067126650064
389,389,HEROMOTOCO,EQ,2018-12-07,3026.75,3060.0,3077.0,3025.1,3066.0,3066.8,3048.35,365305,1113576487.5,25841,244754,67.0,ok,12,2018,1.3232014537044812,Positive,3009.353571428572,28.31962658669212,56.63925317338424,3037.6731980152645,2981.03394484188
391,391,HEROMOTOCO,EQ,2018-12-11,3046.5,3010.0,3062.5,2982.0,3049.7,3038.8,3028.88,443657,1343782480.5,41102,216132,48.72,ok,12,2018,-0.2527490562940993,Slight or No change,3019.6785714285725,5.444722216032738,10.889444432065476,3025.1232936446054,3014.2338492125396
392,392,HEROMOTOCO,EQ,2018-12-12,3038.8,3055.0,3274.25,3040.6,3248.0,3258.65,3206.13,2188953,7018073273.35,103945,1024624,46.81,ok,12,2018,7.234763722522053,Bull run,3044.435714285715,155.4574258438862,310.9148516877724,3199.8931401296013,2888.978288441829
393,393,HEROMOTOCO,EQ,2018-12-13,3258.65,3230.0,3340.0,3210.05,3329.85,3318.25,3285.75,1278210,4199874863.75,83298,483681,37.84,ok,12,2018,1.82897825786752,Positive,3073.042857142858,42.14356415876974,84.28712831753948,3115.1864213016274,3030.8992929840883
394,394,HEROMOTOCO,EQ,2018-12-14,3318.25,3302.0,3350.8,3266.65,3315.0,3314.65,3308.3,920809,3046314402.1,88985,420177,45.63,ok,12,2018,-0.10849092141942407,Slight or No change,3090.0892857142867,2.545584413000343,5.091168826000686,3092.634870127287,3087.5437013012865
396,396,HEROMOTOCO,EQ,2018-12-18,3286.1,3275.05,3324.65,3240.0,3297.05,3298.05,3289.28,910514,2994935229.85,48863,543723,59.72,ok,12,2018,0.3636529624783336,Slight or No change,3134.864285714287,8.449926035431139,16.899852070862277,3143.3142117497177,3126.414359678856
397,397,HEROMOTOCO,EQ,2018-12-19,3298.05,3305.0,3330.1,3280.0,3302.2,3305.2,3307.82,947007,3132526357.45,40050,660511,69.75,ok,12,2018,0.2167947726686936,Slight or No change,3155.4642857142862,5.05581348588491,10.11162697176982,3160.520099200171,3150.4084722284015
398,398,HEROMOTOCO,EQ,2018-12-20,3305.2,3295.95,3380.0,3268.45,3372.3,3361.35,3322.89,388448,1290770181.4,26060,113731,29.28,ok,12,2018,1.6988381943604083,Positive,3177.3321428571435,39.70404576366766,79.40809152733532,3217.036188620811,3137.628097093476
401,401,HEROMOTOCO,EQ,2018-12-26,3168.4,3160.0,3212.0,3136.05,3184.15,3175.2,3178.16,506895,1610995034.2,32767,118403,23.36,ok,12,2018,0.2146193662416307,Slight or No change,3213.4892857142863,4.808326112787565,9.61665222557513,3218.297611827074,3208.6809596014987
403,403,HEROMOTOCO,EQ,2018-12-28,3128.8,3138.05,3160.0,3110.75,3123.45,3122.6,3131.77,260717,816506078.35,17581,58520,22.45,ok,12,2018,-0.19815903860905812,Slight or No change,3224.764285714286,4.384062044264835,8.76812408852967,3229.1483477585507,3220.380223670021
405,405,HEROMOTOCO,EQ,2019-01-01,3104.25,3089.0,3135.0,3073.3,3124.0,3127.6,3109.63,344239,1070456381.9,20359,28808,8.37,ok,1,2019,0.7521945719577872,Slight positive,3235.2321428571427,16.510943340952785,33.02188668190557,3251.7430861980956,3218.7211995161897
410,410,HEROMOTOCO,EQ,2019-01-08,2957.95,2974.0,2994.5,2930.25,2957.2,2970.3,2970.06,354130,1051786759.6,27588,99991,28.24,ok,1,2019,0.41751888977163976,Slight or No change,3128.203571428571,8.732768748304963,17.465537496609926,3136.936340176876,3119.4708026802664
415,415,HEROMOTOCO,EQ,2019-01-15,2867.0,2879.7,2918.35,2867.35,2900.0,2910.95,2891.49,371767,1074961688.55,35606,185367,49.86,ok,1,2019,1.5329612835716766,Positive,2999.621428571428,31.07734303335791,62.15468606671582,3030.698771604786,2968.5440855380702
417,417,HEROMOTOCO,EQ,2019-01-17,2879.85,2878.5,2936.9,2864.0,2903.65,2903.6,2903.25,515341,1496161741.9,43756,181442,35.21,ok,1,2019,0.8246957306804248,Slight positive,2966.196428571428,16.79378605356602,33.58757210713204,2982.990214624994,2949.4026425178618
418,418,HEROMOTOCO,EQ,2019-01-18,2903.6,2916.4,2929.95,2863.0,2894.95,2898.75,2901.2,389524,1130087369.2,37512,161282,41.4,ok,1,2019,-0.16703402672544332,Slight or No change,2951.5178571428564,3.4294678906143403,6.858935781228681,2954.947325033471,2948.088389252242
420,420,HEROMOTOCO,EQ,2019-01-22,2794.25,2795.0,2835.0,2742.5,2832.0,2824.9,2784.22,842837,2346647208.75,61631,327266,38.83,ok,1,2019,1.0968954102174244,Positive,2911.8749999999995,21.672822843702566,43.34564568740513,2933.5478228437023,2890.202177156297
422,422,HEROMOTOCO,EQ,2019-01-24,2795.95,2795.0,2828.0,2780.05,2798.0,2790.2,2798.93,240737,673806479.1,20053,62206,25.84,ok,1,2019,-0.20565460755735954,Slight or No change,2882.135714285713,4.065863993639637,8.131727987279273,2886.201578279353,2878.0698502920736
425,425,HEROMOTOCO,EQ,2019-01-29,2598.6,2601.05,2656.85,2574.3,2623.0,2633.3,2622.59,666747,1748602479.3,56723,344620,51.69,ok,1,2019,1.3353344108366194,Positive,2813.303571428571,24.53660530754472,49.07321061508944,2837.8401767361156,2788.7669661210266
427,427,HEROMOTOCO,EQ,2019-01-31,2611.0,2612.1,2634.7,2561.0,2624.0,2613.95,2598.94,1901346,4941492498.25,108392,919600,48.37,ok,1,2019,0.11298353121409475,Slight or No change,2770.889285714285,2.0859650088795854,4.171930017759171,2772.9752507231647,2768.8033207054054
428,428,HEROMOTOCO,EQ,2019-02-01,2613.95,2629.45,2839.35,2625.0,2811.0,2807.25,2751.7,3296513,9071019525.8,190938,882623,26.77,ok,2,2019,7.394938694313202,Bull run,2766.6214285714277,136.68374080342073,273.36748160684147,2903.3051693748484,2629.937687768007
430,430,HEROMOTOCO,EQ,2019-02-05,2780.15,2804.0,2873.35,2800.0,2862.0,2854.55,2834.87,767865,2176794010.6,42111,127187,16.56,ok,2,2019,2.676114598133194,Positive,2755.4714285714285,52.60874452042092,105.21748904084184,2808.0801730918492,2702.862684051008
431,431,HEROMOTOCO,EQ,2019-02-06,2854.55,2870.0,2892.0,2850.0,2875.0,2880.05,2872.26,445829,1280538264.45,30014,89687,20.12,ok,2,2019,0.8933106794415835,Slight positive,2753.789285714286,18.03122292064589,36.06244584129178,2771.820508634932,2735.75806279364
432,432,HEROMOTOCO,EQ,2019-02-07,2880.05,2885.0,2949.15,2885.0,2933.0,2939.05,2927.6,546196,1599044183.2,31709,88766,16.25,ok,2,2019,2.0485755455634362,Positive,2756.6678571428574,41.71930009016519,83.43860018033038,2798.3871572330227,2714.948557052692
433,433,HEROMOTOCO,EQ,2019-02-08,2939.05,2915.0,2960.0,2912.65,2942.0,2938.85,2939.48,544587,1600801981.95,40322,240925,44.24,ok,2,2019,-0.00680491995713739,Slight or No change,2766.996428571429,0.1414214013602382,0.2828428027204764,2767.1378499727894,2766.855007170069
437,437,HEROMOTOCO,EQ,2019-02-14,2751.45,2755.2,2891.65,2725.1,2785.4,2776.2,2807.77,661406,1857078884.25,43845,137791,20.83,ok,2,2019,0.8995257046284788,Slight positive,2776.642857142858,17.500892834818753,35.001785669637506,2794.1437499776766,2759.141964308039
439,439,HEROMOTOCO,EQ,2019-02-18,2696.45,2690.0,2704.9,2660.45,2684.0,2683.55,2683.54,433854,1164265942.55,28765,191734,44.19,ok,2,2019,-0.4784067941181802,Slight or No change,2787.221428571429,9.121677478251083,18.243354956502166,2796.34310604968,2778.099751093178
441,441,HEROMOTOCO,EQ,2019-02-20,2636.85,2646.05,2661.75,2606.6,2629.0,2623.75,2621.58,605830,1588229914.0,41583,247294,40.82,ok,2,2019,-0.49680489978573,Slight or No change,2789.767857142858,9.263098834530568,18.526197669061137,2799.030955977388,2780.5047583083274
442,442,HEROMOTOCO,EQ,2019-02-21,2623.75,2632.0,2657.0,2581.5,2653.45,2641.25,2620.5,736959,1931200028.85,52786,236194,32.05,ok,2,2019,0.6669842782277335,Slight positive,2777.9107142857147,12.374368671501742,24.748737343003484,2790.285082957216,2765.536345614213
443,443,HEROMOTOCO,EQ,2019-02-22,2641.25,2652.9,2697.9,2620.0,2678.45,2679.85,2674.59,720407,1926791323.2,37680,229602,31.87,ok,2,2019,1.4614292475153778,Positive,2770.746428571429,27.29432175412576,54.58864350825152,2798.0407503255547,2743.4521068173035
444,444,HEROMOTOCO,EQ,2019-02-25,2679.85,2690.0,2723.6,2690.0,2715.0,2712.5,2709.75,443819,1202637129.9,34644,147959,33.34,ok,2,2019,1.2183517734201563,Positive,2760.6,23.08703640611044,46.17407281222088,2783.6870364061106,2737.5129635938893
446,446,HEROMOTOCO,EQ,2019-02-27,2689.05,2695.0,2743.0,2661.0,2672.7,2678.55,2703.32,581837,1572890409.25,35683,169560,29.14,ok,2,2019,-0.3904724716907504,Slight or No change,2728.35,7.424621203625599,14.849242407251198,2735.7746212036254,2720.9253787963744
448,448,HEROMOTOCO,EQ,2019-03-01,2628.1,2649.9,2690.6,2640.05,2682.0,2675.6,2671.96,918224,2453459024.15,48034,463399,50.47,ok,3,2019,1.8073893687454712,Positive,2690.907142857143,33.5875721066287,67.1751442132574,2724.4947149637715,2657.3195707505142
449,449,HEROMOTOCO,EQ,2019-03-05,2675.6,2669.95,2822.0,2652.05,2794.0,2795.65,2751.7,1107587,3047742716.5,75722,332085,29.98,ok,3,2019,4.486844072357599,Among top gainers,2690.628571428571,84.88816908154075,169.7763381630815,2775.5167405101115,2605.7404023470303
452,452,HEROMOTOCO,EQ,2019-03-08,2730.1,2731.0,2758.45,2699.95,2747.2,2740.35,2720.51,674840,1835906041.05,33701,309538,45.87,ok,3,2019,0.37544412292589424,Slight or No change,2691.5,7.24784450828026,14.49568901656052,2698.74784450828,2684.25215549172
453,453,HEROMOTOCO,EQ,2019-03-11,2740.35,2745.0,2828.4,2745.0,2809.5,2814.75,2806.52,857601,2406870741.6,50022,243298,28.37,ok,3,2019,2.714981662926274,Positive,2700.871428571428,52.60874452042501,105.21748904085003,2753.480173091853,2648.2626840510034
454,454,HEROMOTOCO,EQ,2019-03-12,2814.75,2840.0,2849.4,2790.1,2802.85,2808.45,2810.08,840207,2361045415.95,54787,317164,37.75,ok,3,2019,-0.2238209432454119,Slight or No change,2713.128571428571,4.454772723126131,8.909545446252261,2717.583344151697,2708.673798705445
455,455,HEROMOTOCO,EQ,2019-03-13,2808.45,2814.0,2828.0,2790.6,2810.0,2803.65,2810.97,380361,1069184130.75,40228,123867,32.57,ok,3,2019,-0.1709127810713973,Slight or No change,2725.9785714285713,3.394112551878579,6.788225103757158,2729.37268398045,2722.5844588766927
460,460,HEROMOTOCO,EQ,2019-03-20,2614.05,2614.05,2645.0,2593.05,2608.0,2609.15,2617.96,877100,2296212736.75,54589,313680,35.76,ok,3,2019,-0.18744859509191025,Slight or No change,2724.482142857142,3.464823230507712,6.929646461015424,2727.94696608765,2721.0173196266346
461,461,HEROMOTOCO,EQ,2019-03-22,2609.15,2624.45,2637.95,2594.05,2601.0,2603.3,2614.75,566228,1480541879.35,62469,244169,43.12,ok,3,2019,-0.22421094992621796,Slight or No change,2722.710714285714,4.136574672209796,8.273149344419592,2726.847288957924,2718.574139613504
463,463,HEROMOTOCO,EQ,2019-03-26,2575.7,2586.0,2604.7,2546.8,2574.5,2574.45,2572.87,555742,1429851330.25,49692,236022,42.47,ok,3,2019,-0.04853049656403652,Slight or No change,2699.774999999999,0.8838834874162451,1.7677669748324902,2700.6588834874156,2698.891116512583
466,466,HEROMOTOCO,EQ,2019-03-29,2525.75,2540.0,2577.75,2526.2,2552.1,2553.15,2551.36,1164408,2970824340.8,83625,508096,43.64,ok,3,2019,1.0848262892210192,Positive,2655.903571428571,19.37472580502759,38.74945161005518,2675.2782972335986,2636.5288456235435
467,467,HEROMOTOCO,EQ,2019-04-01,2553.15,2573.0,2593.4,2545.0,2555.0,2558.5,2576.57,832495,2144981785.5,56293,405111,48.66,ok,4,2019,0.20954507177408652,Slight or No change,2637.5999999999995,3.78302128195389,7.56604256390778,2641.3830212819535,2633.8169787180454
468,468,HEROMOTOCO,EQ,2019-04-02,2558.5,2550.4,2599.0,2545.0,2577.95,2569.95,2579.95,1063757,2744442226.05,61026,474196,44.58,ok,4,2019,0.4475278483486278,Slight or No change,2620.5642857142852,8.0963726457952,16.1927452915904,2628.6606583600806,2612.46791306849
469,469,HEROMOTOCO,EQ,2019-04-03,2569.95,2586.95,2594.0,2567.0,2580.3,2580.45,2582.36,1427316,3685838651.75,57665,1082919,75.87,ok,4,2019,0.4085682600828866,Slight or No change,2604.6214285714277,7.424621203766099,14.849242407532198,2612.0460497751938,2597.1968073676617
470,470,HEROMOTOCO,EQ,2019-04-04,2580.45,2599.95,2648.7,2595.0,2630.0,2637.2,2623.98,2007440,5267489856.85,94022,785627,39.14,ok,4,2019,2.199228816679266,Positive,2596.4428571428566,40.1283098325716,80.2566196651432,2636.5711669754282,2556.314547310285
473,473,HEROMOTOCO,EQ,2019-04-09,2586.85,2590.0,2631.95,2568.8,2631.0,2623.65,2598.79,769508,1999788815.85,45187,312354,40.59,ok,4,2019,1.4225795852098155,Positive,2582.8357142857135,26.021529548028685,52.04305909605737,2608.8572438337424,2556.8141847376846
475,475,HEROMOTOCO,EQ,2019-04-11,2594.4,2600.0,2612.0,2589.65,2600.0,2601.1,2602.58,608414,1583445309.4,29971,383068,62.96,ok,4,2019,0.25824853530680425,Slight or No change,2581.624999999999,4.737615435956941,9.475230871913881,2586.362615435956,2576.8873845640423
476,476,HEROMOTOCO,EQ,2019-04-12,2601.1,2597.0,2644.8,2591.15,2635.0,2639.9,2624.78,925046,2428038029.4,44669,487272,52.68,ok,4,2019,1.4916765983622458,Positive,2586.2107142857135,27.435743110378745,54.87148622075749,2613.646457396092,2558.774971175335
477,477,HEROMOTOCO,EQ,2019-04-15,2639.9,2653.0,2710.9,2646.05,2702.95,2700.7,2690.92,958245,2578563772.9,58471,348158,36.33,ok,4,2019,2.3031175423311456,Positive,2595.228571428571,42.99209229635107,85.98418459270214,2638.220663724922,2552.2364791322198
478,478,HEROMOTOCO,EQ,2019-04-16,2700.7,2723.75,2749.9,2715.0,2740.55,2739.65,2735.41,741047,2027068616.55,36378,383648,51.77,ok,4,2019,1.4422186840448823,Positive,2609.2607142857137,27.541809127528733,55.083618255057466,2636.8025234132424,2581.718905158185
479,479,HEROMOTOCO,EQ,2019-04-18,2739.65,2742.9,2759.9,2732.55,2742.4,2741.55,2746.08,563893,1548496557.1,42184,333054,59.06,ok,4,2019,0.06935192451591465,Slight or No change,2624.6749999999997,1.3435028905435709,2.6870057810871417,2626.0185028905435,2623.331497109456
483,483,HEROMOTOCO,EQ,2019-04-25,2611.9,2618.0,2638.0,2597.65,2610.85,2612.25,2616.74,690718,1807429592.1,46303,391265,56.65,ok,4,2019,0.013400206746050358,Slight or No change,2645.3642857142863,0.24748741172574792,0.49497482345149585,2645.611773126012,2645.1167983025607
484,484,HEROMOTOCO,EQ,2019-04-26,2612.25,2610.0,2616.75,2573.7,2593.45,2604.0,2599.62,727578,1891428226.4,35513,291850,40.11,ok,4,2019,-0.3158196956646542,Slight or No change,2642.9928571428577,5.833630946419393,11.667261892838786,2648.826488089277,2637.1592261964383
486,486,HEROMOTOCO,EQ,2019-05-02,2511.85,2510.0,2569.4,2492.5,2555.0,2551.7,2544.98,937946,2387050770.45,64587,472538,50.38,ok,5,2019,1.5864800843999438,Positive,2632.871428571429,28.178205230640703,56.356410461281406,2661.04963380207,2604.6932233407883
487,487,HEROMOTOCO,EQ,2019-05-03,2551.7,2550.0,2587.0,2537.4,2563.2,2565.4,2567.53,674666,1732226113.0,32739,318523,47.21,ok,5,2019,0.5368969706470272,Slight positive,2628.7107142857144,9.687362903271259,19.374725806542518,2638.3980771889856,2619.0233513824433
489,489,HEROMOTOCO,EQ,2019-05-07,2531.3,2567.9,2568.0,2521.5,2529.0,2527.35,2546.23,347427,884627610.85,29584,129747,37.35,ok,5,2019,-0.15604630032000075,Slight or No change,2618.9357142857148,2.7930717892864836,5.586143578572967,2621.728786075001,2616.1426424964284
491,491,HEROMOTOCO,EQ,2019-05-09,2499.7,2499.0,2555.0,2490.6,2540.0,2537.75,2536.33,585480,1484972151.3,40511,203100,34.69,ok,5,2019,1.5221826619194356,Positive,2597.2821428571433,26.905413024524922,53.810826049049844,2624.1875558816682,2570.3767298326184
493,493,HEROMOTOCO,EQ,2019-05-13,2507.3,2507.3,2537.5,2500.0,2509.05,2510.75,2520.21,313902,791100264.85,23484,117837,37.54,ok,5,2019,0.13759821321739366,Slight or No change,2564.2000000000003,2.4395183992802023,4.879036798560405,2566.6395183992804,2561.76048160072
